"4-001001","001","NATURE                        ","001"
"4-001002","001","AROMATISE                     ","002"
"4-001003","001","FRUIT ET PULPE                ","003"
"4-001004","001","A BOIRE                       ","004"
"4-001005","001","A BASE DE SOJA                ","005"
"4-002001","002","GELIFIES SANS CREME           ","001"
"4-002002","002","GELIFIES AVEC CREME           ","002"
"4-002003","002","CREME                         ","003"
"4-002004","002","MOUSSE                        ","004"
"4-002005","002","ENTREMET                      ","005"
"4-002006","002","FLAN NAPPE                    ","006"
"4-002007","002","COMPOTE ET CONFITURE FRAICHE  ","007"
"4-002008","002","AUTRES DESSERTS               ","008"
"4-003001","003","NATURE                        ","001"
"4-003002","003","AROMATISES                    ","002"
"4-003003","003","ALIMENTS BEBE                 ","003"
"4-004001","004","PATES LISSES NATURES          ","001"
"4-004002","004","PATE LISSE FRUITEE ET AROMATIS","002"
"4-004003","004","CAMPAGNE                      ","003"
"4-004004","004","FAISSELLE                     ","004"
"4-004005","004","SPECIALITES                   ","005"
"4-005001","005","EPAISSE                       ","001"
"4-005002","005","FLUIDE                        ","002"
"4-005003","005","PDTS A BASE DE CREME          ","003"
"4-005004","005","SAUCES FRAICHES               ","004"
"4-006001","006","JUS FRUITS                    ","001"
"4-006003","006","BOISSON AUX FRUITS            ","003"
"4-008001","008","CRU                           ","001"
"4-008002","008","PASTEURISE                    ","002"
"4-008003","008","FERMENTE OU BATTU             ","003"
"4-016001","016","BEURRE 82% MG                 ","001"
"4-016002","016","BEURRE ALLEGE                 ","002"
"4-017001","017","VEGETALE NORMALE 82%MG        ","001"
"4-017002","017","VEGETALE ALLEGEE 60%MG        ","002"
"4-017003","017","ALLEGE MIXTE CUISINABLE 60%MG ","003"
"4-017005","017","GRAISSE A FRIRE               ","005"
"4-018001","018","DOUX                          ","001"
"4-018002","018","DEMI SEL                      ","002"
"4-019001","019","UHT + STERILISE               ","001"
"4-020002","020","DESSERT                       ","002"
"4-020003","020","CREMES                        ","003"
"4-020004","020","SPECIALITES                   ","004"
"4-020006","020","SAUCES                        ","006"
"4-021001","021","FRAIS                         ","001"
"4-021004","021","POULE PLEIN AIR               ","004"
"4-021005","021","OEUFS BIO                     ","005"
"4-021007","021","EN CAGE                       ","007"
"4-022001","022","PATE MOLLE CROUTE FLEURIE     ","001"
"4-022002","022","PATE MOLLE CROUTE LAVEE/MIXTE ","002"
"4-022003","022","PATE PRESSEE CUITE            ","003"
"4-022004","022","PATE PRESSEE NON CUITE        ","004"
"4-022005","022","CHEVRES ET BREBIS             ","005"
"4-022006","022","PATE PERSILLEE                ","006"
"4-022007","022","FROMAGES FONDUS               ","007"
"4-022008","022","PATES FRAICHES                ","008"
"4-022009","022","FROMAGES A CUISINER           ","009"
"4-022010","022","SPECIALITES ET AUTRES         ","010"
"4-022011","022","FROMAGE FRAIS EMBALLE         ","011"
"4-022012","022","FROMAGE A LA CARTE            ","012"
"4-023001","023","CUBE APERITIF                 ","001"
"4-029003","029","AUTRES                        ","003"
"4-031001","031","JAMBON CUIT ET EPAULE         ","001"
"4-031002","031","SAUCISSE CUITE                ","002"
"4-031003","031","PRODUIT COCKTAIL              ","003"
"4-031004","031","SAUCISSON CUIT                ","004"
"4-031005","031","PATE                          ","005"
"4-031006","031","RILLETTES                     ","006"
"4-031007","031","TRANCHE SEC, CRU, OU CUIT     ","007"
"4-031008","031","SALAISON ET FUMAISON          ","008"
"4-031009","031","CHARCUTERIE FRAICHE ET A CUIRE","009"
"4-031010","031","CHARCUTERIE DE VOLAILLE       ","010"
"4-031011","031","FOIE GRAS                     ","011"
"4-031012","031","PIECE PORC CUIT               ","012"
"4-031013","031","SAINDOUX                      ","013"
"4-032001","032","JAMBON SEC                    ","001"
"4-032002","032","SAUCISSON SEC PUR PORC        ","002"
"4-032003","032","SAUCISSE SECHE PUR PORC       ","003"
"4-032004","032","SAUCISSE ET SAUCISSON MELANGE ","004"
"4-032005","032","CHORIZO                       ","005"
"4-033001","033","PRODUIT COCKTAIL              ","001"
"4-033002","033","POTAGE ET SOUPE               ","002"
"4-033003","033","SALADE ET CRUDITE             ","003"
"4-033004","033","PRODUITS ELABORES PANES       ","004"
"4-033005","033","ENTREES                       ","005"
"4-033006","033","TARTE SALEE                   ","006"
"4-033007","033","CHARCUTERIE PATISSIERE        ","007"
"4-033008","033","SNACK                         ","008"
"4-033009","033","QUENELLE                      ","009"
"4-033010","033","PATE FRAICHE                  ","010"
"4-033012","033","PLAT PREPARE                  ","012"
"4-033014","033","PATE MENAGERE                 ","014"
"4-033015","033","DESSERT                       ","015"
"4-033018","033","GARNITURE FRAICHE             ","018"
"4-034001","034","CHARCUTERIE HALLAL            ","001"
"4-034002","034","CHARCUTERIE CASHER            ","002"
"4-041001","041","SAUMON FUME                   ","001"
"4-041002","041","AUTRES POISSONS FUMES         ","002"
"4-041003","041","POISSON SALE                  ","003"
"4-042001","042","ANCHOIS                       ","001"
"4-042002","042","AUTRES POISSONS MARINES       ","002"
"4-042003","042","CRUSTACES ET COQUILLAGES      ","003"
"4-043001","043","OEUFS DE POISSONS             ","001"
"4-043002","043","BEURRES                       ","002"
"4-043003","043","BLINIS                        ","003"
"4-043004","043","PATES DE POISSONS             ","004"
"4-044001","044","SOUPE POISSONS                ","001"
"4-044002","044","ACCOMPAGNEMENTS               ","002"
"4-044003","044","SURIMI                        ","003"
"4-044004","044","SALADE DE LA MER              ","004"
"4-044005","044","PLATS PREPARES                ","005"
"4-044006","044","FILET DE POISSON              ","006"
"4-050001","050","STANDARD                      ","001"
"4-050002","050","CERTIFIE                      ","002"
"4-050003","050","FERMIER                       ","003"
"4-050004","050","COQUELET                      ","004"
"4-050005","050","POULE                         ","005"
"4-050007","050","CHAPON                        ","007"
"4-050008","050","DECOUPE                       ","008"
"4-051001","051","STANDARDS                     ","001"
"4-051002","051","FERMIERE                      ","002"
"4-051003","051","DECOUPE                       ","003"
"4-052002","052","CANETTE                       ","002"
"4-052003","052","DECOUPE                       ","003"
"4-053002","053","FERMIERE                      ","002"
"4-054001","054","CAILLES                       ","001"
"4-055001","055","STANDARD                      ","001"
"4-055002","055","FERMIER                       ","002"
"4-056001","056","ABATS DE POULET               ","001"
"4-056002","056","ABATS DE CANARD               ","002"
"4-056003","056","LAPIN                         ","003"
"4-056004","056","AUTRES                        ","004"
"4-057001","057","BROCHETTE                     ","001"
"4-057002","057","SAUCISSE                      ","002"
"4-057003","057","POULET FUME                   ","003"
"4-057004","057","POULET ROTI                   ","004"
"4-057005","057","ROTIS CUITS                   ","005"
"4-057006","057","FARCIS                        ","006"
"4-057007","057","MAGRETS FUMES/SECHES          ","007"
"4-057009","057","CONFIT                        ","009"
"4-057010","057","AUTRES                        ","010"
"4-058001","058","ALIMENTS POUR ANIMAUX         ","001"
"4-060001","060","RACE A VIANDE                 ","001"
"4-060004","060","UVC PREEMBALLEE SOUS ATMOSPHER","004"
"4-060005","060","UVC PREEMBALLEE SOUS VIDE     ","005"
"4-060007","060","VIANDE DE REFORME ""CHR""       ","007"
"4-061001","061","VEAU STANDARD                 ","001"
"4-061002","061","VEAU DE MARQUE                ","002"
"4-061004","061"," VEAU LABEL                   ","004"
"4-061005","061","UVC PREEMBALLEE SOUS ATMOSPHER","005"
"4-061006","061","UVC PREEMBALLEE SOUS VIDE     ","006"
"4-062001","062","ETRANGER                      ","001"
"4-062003","062","LABEL                         ","003"
"4-064001","064","STANDARD                      ","001"
"4-064002","064","LABEL                         ","002"
"4-065001","065","CHEVAL                        ","001"
"4-065002","065","UVC PREEMBALLEE SOUS VIDE     ","002"
"4-066001","066","BOEUF                         ","001"
"4-066002","066","ASSAISONNE                    ","002"
"4-066003","066","PROTEINE                      ","003"
"4-066004","066","AUTRES VIANDES                ","004"
"4-067001","067","SAUCISSERIE                   ","001"
"4-067002","067","PRODUITS ELABORES A GRILLER   ","002"
"4-067003","067","SNACK                         ","003"
"4-067004","067","ROTIS                         ","004"
"4-067005","067","CHAIR                         ","005"
"4-067008","067","PRODUITS DE PORC SALE         ","008"
"4-067010","067","SAUCES                        ","010"
"4-067012","067","AUTRES                        ","012"
"4-068001","068","BOEUF                         ","001"
"4-068002","068","PORC                          ","002"
"4-068003","068","VEAU                          ","003"
"4-068004","068","AGNEAU                        ","004"
"4-069001","069","BISON                         ","001"
"4-069003","069","AUTRES                        ","003"
"4-070003","070","MIXTE                         ","003"
"4-071001","071","DECOUPE DINDE                 ","001"
"4-071002","071","DECOUPE POULET                ","002"
"4-071003","071","DECOUPE AUTRUCHE              ","003"
"4-071004","071","AUTRES DECOUPES               ","004"
"4-080001","080","POTAGE SURGELE                ","001"
"4-080002","080","PIZZA SURGELEE                ","002"
"4-080003","080","QUICHES TARTES SURGELEES      ","003"
"4-080004","080","CREPES SURGELEES              ","004"
"4-080005","080","SNACKS SURGELES               ","005"
"4-081001","081","PREPARATION BASE POISSON      ","001"
"4-081002","081","SAUMON FUME/MARINE            ","002"
"4-081003","081","POISSON CUIT                  ","003"
"4-081004","081","CRUSTACE COQUILLAG. MOLLU. SRG","004"
"4-081005","081","ESCARGOT GRENOUILLE SURGELES  ","005"
"4-081006","081","COQUILLE CUISINEE             ","006"
"4-082001","082","VIANDE PORC/PORCELET          ","001"
"4-082002","082","VOLAILLES DIVERSES ENTIERES   ","002"
"4-082003","082","POULET DECOUPE                ","003"
"4-082004","082","DINDE DECOUPE                 ","004"
"4-082005","082","VOLAILLE DIV DECOUPE          ","005"
"4-082801","082","VIANDE PORC/PORCELET","801"
"4-082802","082","VOLAILLES DIVERSES ENTIERES","802"
"4-082803","082","POULET DECOUPE","803"
"4-082804","082","POULET DECOUPE","804"
"4-082805","082","VOLAILLE DIV DECOUPE","805"
"4-082807","082","CHARCUTERIE","807"
"4-082808","082","VIANDE OVINE","808"
"4-082809","082","VIANDE DE VEAU","809"
"4-082810","082","POULETS ENTIERS","810"
"4-083001","083","FRITES SURGELEES              ","001"
"4-083002","083","POMMES NOISETTE               ","002"
"4-083003","083","POMME RISSOLEE & SAUTEE SURGEL","003"
"4-083004","083","AUTRES GARNITURES SURGELEES   ","004"
"4-084001","084","HARICOTS VERTS                ","001"
"4-084002","084","EPINARDS                      ","002"
"4-084003","084","PETIT POIS                    ","003"
"4-084004","084","CHOUX                         ","004"
"4-084005","084","AUTRES LEGUMES NATURES SURGEL.","005"
"4-084006","084","MELANGE DE LEGUMES SURGELE    ","006"
"4-084007","084","LEGUME CUISINE SURGELE        ","007"
"4-084008","084","PUREE SURGELEE                ","008"
"4-084009","084","CHAMPIGNON SURGELE            ","009"
"4-085001","085","A BASE DE VIANDE              ","001"
"4-085002","085","A BASE DE POISSON             ","002"
"4-085003","085","A BASE DE PATE                ","003"
"4-085004","085","EXOTIQUE                      ","004"
"4-086001","086","PATISSERIE SALEE              ","001"
"4-086002","086","PATISSERIE SUCREE MINI        ","002"
"4-086003","086","VIENNOISERIE                  ","003"
"4-087001","087","FRUITS                        ","001"
"4-088001","088","INDUSTRIE ALI                 ","001"
"4-088002","088","PATISSERIE                    ","002"
"4-088003","088","FROMAGES                      ","003"
"4-090001","090","CREME GLACEE                  ","001"
"4-090002","090","SORBET                        ","002"
"4-090003","090","TYPE HAAGEN DAZS              ","003"
"4-091001","091","BATONNET CREME GLACEE         ","001"
"4-091002","091","GLACE A L'EAU                 ","002"
"4-091003","091","CONE                          ","003"
"4-091004","091","POT                           ","004"
"4-091005","091","BARRE GLACEE                  ","005"
"4-091006","091","GLACE INDIVIDUELLE            ","006"
"4-092001","092","COUPE                         ","001"
"4-092002","092","PORTION                       ","002"
"4-092003","092","SPECIALITE A PARTAGER         ","003"
"4-100001","100","EPAULE                        ","001"
"4-100002","100","JAMBON CUIT                   ","002"
"4-100004","100","JAMBONNEAUX CUITS             ","004"
"4-100005","100","JAMBONS ET SALAISONS SECS     ","005"
"4-100006","100","SAUCISSONS SECS               ","006"
"4-100007","100","SAUCISSONS SECS PIMENTES      ","007"
"4-100008","100","SALAISON CRUE                 ","008"
"4-100009","100","SALAISON CUITE                ","009"
"4-100010","100","FUMEE CRUE                    ","010"
"4-100011","100","FUMEE CUITE                   ","011"
"4-100012","100","SAUCISSERIE FUMEE             ","012"
"4-100013","100","SAUCISSES CUITES              ","013"
"4-100014","100","ANDOUILLETTES                 ","014"
"4-100015","100","ANDOUILLES                    ","015"
"4-100016","100","CHOUCROUTE                    ","016"
"4-100017","100","SAUCISSONS A L AIL            ","017"
"4-100018","100","MORTADELLES/ROULADES/BALLOTINE","018"
"4-100019","100","PATES                         ","019"
"4-100020","100","RILLETTES                     ","020"
"4-100021","100","PATES DE TETE ET LANGUES      ","021"
"4-100024","100","BOUDINS                       ","024"
"4-100025","100","SAUCISSERIE FRAICHE           ","025"
"4-100080","100","STAND ANIMATION CHARC. TRAIT. ","080"
"4-101001","101","PRODUITS COCKTAIL             ","001"
"4-101002","101","ENTREES FROIDES               ","002"
"4-101003","101","SALADES ET CRUDITES           ","003"
"4-101004","101","TARTES ET ASSIMILES           ","004"
"4-101005","101","CHARCUTERIE PATISSIERE        ","005"
"4-101007","101","TRAITEUR DE LA MER            ","007"
"4-101010","101","PRODUITS ASIATIQUES           ","010"
"4-101012","101","VIANDES FROIDES               ","012"
"4-101013","101","PLATS PREPARES                ","013"
"4-101018","101","TRAITEUR FRAIS EMBALLE        ","018"
"4-102001","102","PIZZA RONDE                   ","001"
"4-102003","102","AUTRES PIZZA ET QUICHE        ","003"
"4-103001","103","VOLAILLES ROTIES              ","001"
"4-103002","103","AUTRES PRODUITS ROTIS         ","002"
"4-104002","104","SANDWICH FOCACCIA             ","002"
"4-104004","104","SUCRE                         ","004"
"4-104005","104","SALE                          ","005"
"4-105001","105","JAMBON CUIT                   ","001"
"4-105002","105","JAMBON SEC                    ","002"
"4-105003","105","SAUCISSON SEC                 ","003"
"4-105004","105","SALAISON CRUE                 ","004"
"4-105005","105","SALAISON CUITE                ","005"
"4-105006","105","PATES / RILLETTES             ","006"
"4-105007","105","AUTRES PROD.CHARCUTERIE       ","007"
"4-106002","106","SALADES                       ","002"
"4-106003","106","CHARCUTERIE PATISSIERE        ","003"
"4-106004","106","PLATS CUISINES                ","004"
"4-108001","108","LES ENTREES FRAICHEUR         ","001"
"4-108002","108","LES SNACKS                    ","002"
"4-108004","108","LES DESSERTS                  ","004"
"4-108007","108","LES MENUS                     ","007"
"4-110001","110","BRIES/CAMEMBERTS/COULOMIERS   ","001"
"4-110002","110","TOMES                         ","002"
"4-110003","110","MUNSTER/PT LEVEQUE/MAROILLE/  ","003"
"4-110004","110","SAINT PAULIN                  ","004"
"4-110005","110","EDAM                          ","005"
"4-110006","110","GOUDA                         ","006"
"4-110007","110","MIMOLETTE                     ","007"
"4-110008","110","HOLLANDE                      ","008"
"4-110009","110","PETITES MEULES                ","009"
"4-110010","110","REBLOCHONS                    ","010"
"4-110011","110","TOMMES DE SAVOIE              ","011"
"4-110012","110","MORBIER                       ","012"
"4-110013","110","CANTAL                        ","013"
"4-110014","110","SAINT NECTAIRE                ","014"
"4-110015","110","PYRENEES VACHE                ","015"
"4-110017","110","PYRENEES PUR BREBIS           ","017"
"4-110018","110","RACLETTES                     ","018"
"4-110019","110","EMMENTAL                      ","019"
"4-110020","110","BEAUFORT ET ABONDANCE         ","020"
"4-110021","110","COMTE                         ","021"
"4-110022","110","FROMAGES SUISSES              ","022"
"4-110023","110","ROQUEFORT                     ","023"
"4-110025","110","BLEU D AUVERGNE               ","025"
"4-110026","110","AUTRES PATES PERSILLEES       ","026"
"4-110027","110","FROMAGES ITALIENS             ","027"
"4-110028","110","FROMAGES D EUROPE             ","028"
"4-110029","110","CHEVRES A DECOUPER            ","029"
"4-110030","110","MI CHEVRE A DECOUPER          ","030"
"4-110031","110","SPECIALITES NUES PIECE        ","031"
"4-110032","110","FONDUES                       ","032"
"4-110090","110","COMMANDE CLIENT FROMAGE       ","090"
"4-111001","111","FROMAGES FRAIS                ","001"
"4-111002","111","CREME FRAICHE                 ","002"
"4-111003","111","BEURRE                        ","003"
"4-111004","111","OEUFS                         ","004"
"4-111005","111","AUTRES                        ","005"
"4-112001","112","PATES MOLLES                  ","001"
"4-112002","112","HOLLANDES ET PETITES MEULES   ","002"
"4-112003","112","PATE PRESSEE NON CUITE        ","003"
"4-112004","112","RACLETTES                     ","004"
"4-112005","112","EMMENTAL ET ASSIMILES         ","005"
"4-112006","112","ROQUEFORT                     ","006"
"4-112007","112","BLEU ET ASSIMILES             ","007"
"4-112008","112","PIECES ( CHEVRES,BREBIS,....) ","008"
"4-112009","112","AUTRES CREMERIES              ","009"
"4-135003","135","AUTRES                        ","003"
"4-136001","136","POULET                        ","001"
"4-136002","136","DINDE                         ","002"
"4-136003","136","LAPIN                         ","003"
"4-136005","136","CANETTE                       ","005"
"4-136006","136","PINTADE                       ","006"
"4-136007","136","AUTRES                        ","007"
"4-138001","138","GIBIER                        ","001"
"4-139001","139","SAUCISSERIE                   ","001"
"4-139002","139","BROCHETTES                    ","002"
"4-139004","139","CHAIR                         ","004"
"4-139005","139","PAUPIETTE                     ","005"
"4-139007","139","AUTRES                        ","007"
"4-154002","154","HUITRES                       ","002"
"4-157001","157","POISSON P.A.C.                ","001"
"4-157002","157","POISSON COUPE (DARNE/PAVE)    ","002"
"4-157003","157","FILETS                        ","003"
"4-157004","157","CRUSTACES                     ","004"
"4-157005","157","COQUILLAGES                   ","005"
"4-157006","157","PRODUITS ELABORES             ","006"
"4-157007","157","TRAITEUR                      ","007"
"4-157008","157","PLATEAUX FRUITS MER           ","008"
"4-161001","161","PAIN BLANC                    ","001"
"4-161002","161","RUSTIQUE / LEVAIN             ","002"
"4-161003","161","PAINS CAPMPAGNE               ","003"
"4-161004","161","PAINS BIOLOGIQUES             ","004"
"4-161005","161","PAINS SPECIAUX                ","005"
"4-161006","161","PAINS VIENNOIS                ","006"
"4-161007","161","PAINS DE MIE                  ","007"
"4-161008","161","PAINS REGIONAUX               ","008"
"4-161009","161","PAINS DU MONDE                ","009"
"4-162001","162","CROISSANTS                    ","001"
"4-162002","162","PAINS AU CHOCOLAT             ","002"
"4-162003","162","MINI VIENNOISERIE             ","003"
"4-162004","162","BRIOCHERIE                    ","004"
"4-162005","162","AUTRES VIENNOISERIE           ","005"
"4-162006","162","VIENNOISERIES MIXTES          ","006"
"4-163001","163","INDIVIDUELLE                  ","001"
"4-163002","163","TARTES A PARTAGER             ","002"
"4-163004","163","PATISSERIES A PARTAGER        ","004"
"4-163005","163","AIDES A LA PATISSERIE         ","005"
"4-165001","165","PETITS FOURS                  ","001"
"4-165003","165","MERINGUES                     ","003"
"4-165005","165","PATES JAUNES                  ","005"
"4-165006","165","AUTRES PATISSERIE SECHE       ","006"
"4-165007","165","PATISSERIE SECHE DU MONDE     ","007"
"4-166001","166","GALETTE ROIS                  ","001"
"4-167001","167","CHOCOLATS FRAIS               ","001"
"4-168001","168","GLACES                        ","001"
"4-169001","169","FARINES                       ","001"
"4-170001","170","MATIERES PREMIERES PATISSERIE ","001"
"4-181024","181","FRUITS FRAIS COQUES           ","024"
"4-182001","182","PRUNEAUX                      ","001"
"4-182002","182","ABRICOTS                      ","002"
"4-182003","182","RAISINS                       ","003"
"4-182004","182","FIGUES                        ","004"
"4-182005","182","DATTES                        ","005"
"4-182006","182","AUTRES FRUITS SEC             ","006"
"4-182007","182","MELANGES FRUITS SEC           ","007"
"4-182008","182","AMANDES                       ","008"
"4-182009","182","NOISETTES                     ","009"
"4-182010","182","PISTACHES                     ","010"
"4-182011","182","ARACHIDES                     ","011"
"4-182012","182","MELANGES EXOTIQUE             ","012"
"4-182015","182","PATE DE FRUITS                ","015"
"4-182016","182","POP-CORN                      ","016"
"4-182018","182","NOIX SECHES                   ","018"
"4-183009","183","POIVRONS                      ","009"
"4-185001","185","SALADES                       ","001"
"4-185002","185","SALADES BOUQUETS              ","002"
"4-185003","185","SALADES CHICOREES             ","003"
"4-185004","185","CRUDITES                      ","004"
"4-185005","185","LEGUMES A CUIRE               ","005"
"4-185006","185","OLIVES , AROMATES , CONDIMENTS","006"
"4-185007","185","SAUCES FRAICHES ET ACCOMPAGNEM","007"
"4-185008","185","PUREE                         ","008"
"4-185009","185","SOUPES                        ","009"
"4-185011","185","SALADES DE FRUITS             ","011"
"4-185012","185","JUS DE FRUITS FRAIS           ","012"
"4-185013","185","4EME GAMME BIO                ","013"
"4-186002","186","LEGUMES                       ","002"
"4-201001","201","BISCOTTES ET ASSIMILES        ","001"
"4-201002","201","PAIN SUEDOIS                  ","002"
"4-201003","201","SPECIALITES                   ","003"
"4-202001","202","PAIN LONGUE CONSERVATION      ","001"
"4-202002","202","PANIFICATION SEMI-FRAICHE     ","002"
"4-202003","202","PANIFICATION SUCREE           ","003"
"4-202004","202","SPECIALITES (PAINS SPECIAUX)  ","004"
"4-203001","203","BISCUITS AUX OEUFS            ","001"
"4-203002","203","GAUFRETTES                    ","002"
"4-203003","203","ACCOMPAGNEMENTS               ","003"
"4-203004","203","CASSE-CROUTE ET GOUTER        ","004"
"4-203005","203","BISCUITS SECS                 ","005"
"4-203006","203","BISC.PATISSIERS               ","006"
"4-203007","203","ANGLO/AMERICAINS              ","007"
"4-203008","203","ASSORTIMENTS                  ","008"
"4-204001","204","PATISS A DLC LONGUE +DE 30J.  ","001"
"4-204002","204","PATISS.A DLC COURTE -DE 30J.  ","002"
"4-204003","204","VIENNOISERIES                 ","003"
"4-205001","205","BISCUITS APERITIFS            ","001"
"4-205002","205","EXTRUDES                      ","002"
"4-205003","205","GRAINES ET MELANGES           ","003"
"4-205004","205","CONDIMENTS                    ","004"
"4-205006","205","AUTRES                        ","006"
"4-206001","206","MOULUS                        ","001"
"4-206002","206","GRAINS                        ","002"
"4-206003","206","DECAFEINE                     ","003"
"4-206004","206","NAPOLITAIN                    ","004"
"4-206005","206","FILTRES                       ","005"
"4-207001","207","CAFES SOLUBLES                ","001"
"4-207002","207","MEL.SOLUBLE (CAFE LAIT/AROM.) ","002"
"4-207003","207","CHICOREE                      ","003"
"4-208001","208","INSTANTANE                    ","001"
"4-208002","208","PULVERISE                     ","002"
"4-208003","208","BOISSONS MALTEES              ","003"
"4-208004","208","CACAO PUR                     ","004"
"4-209001","209","ENFANTS                       ","001"
"4-209002","209","FAMILLE                       ","002"
"4-209003","209","ADULTES                       ","003"
"4-209004","209","BARRES CEREALIERES            ","004"
"4-210001","210","THES                          ","001"
"4-210002","210","INFUSIONS                     ","002"
"4-211001","211","PATISSIER                     ","001"
"4-211002","211","NOIR A CROQUER & NOIR DEGUST. ","002"
"4-211003","211","LAIT                          ","003"
"4-211004","211","LAIT+INGREDIENTS              ","004"
"4-211005","211","NOIR+INGREDIENTS              ","005"
"4-211006","211","BLANC                         ","006"
"4-211007","211","SPECIALITES                   ","007"
"4-212001","212","SACHETS FRUITS                ","001"
"4-212002","212","SACHETS CARAMEL               ","002"
"4-212003","212","SACHETS CHOCOLAT              ","003"
"4-212004","212","GELIFIES GOMMES               ","004"
"4-212005","212","SACHETS MENTHE                ","005"
"4-212006","212","AUTRES BONBONS SACHETS ET BTE ","006"
"4-212007","212","PETITE CONFISERIE             ","007"
"4-212008","212","PATE A MACHER                 ","008"
"4-212009","212","DRAGEES                       ","009"
"4-212011","212","DIVERS                        ","011"
"4-213001","213","BOUCHEE ROCHER GRIOTTE        ","001"
"4-213002","213","BARRES FONDANTES              ","002"
"4-213003","213","BARRES CROUSTILLANTES         ","003"
"4-213004","213","TURBINE                       ","004"
"4-213005","213","AUTRES                        ","005"
"4-214001","214","A CONSOMMER                   ","001"
"4-214002","214","A PREPARER                    ","002"
"4-214003","214","GATEAUX EXPRESS               ","003"
"4-215001","215","AIDES A LA PATISSERIE         ","001"
"4-215002","215","FRUITS SECS ET CONFITS        ","002"
"4-215003","215","DECOR A PATISSERIE            ","003"
"4-215004","215","CHOCOLATS DE COUVERTURES      ","004"
"4-216001","216","LAIT CONCENTRE SUCRE          ","001"
"4-216002","216","LAIT CONCENTRE NON SUCRE      ","002"
"4-216003","216","LAIT EN POUDRE                ","003"
"4-217001","217","MORCEAUX                      ","001"
"4-217002","217","POUDRES                       ","002"
"4-217003","217","SPECIAUX                      ","003"
"4-217004","217","EDULCORANTS DE SYNTHESE       ","004"
"4-217005","217","ALLEGE                        ","005"
"4-218003","218","BOUCHEE ROCHER GRIOTTE","003"
"4-218008","218","NOEL SPECIALITES              ","008"
"4-218009","218","NOEL AUTRES CHOCOLATS         ","009"
"4-218015","218","TURBINE","015"
"4-219001","219","BISCUITS                      ","001"
"4-219002","219","PANIFICATION                  ","002"
"4-219004","219","PETIT DEJEUNER                ","004"
"4-219005","219","SUCRES ET DERIVES             ","005"
"4-219006","219","CEREALES                      ","006"
"4-219008","219","CHOCOLATS                     ","008"
"4-219009","219","CONFITURES ET MIELS           ","009"
"4-219010","219","PATES                         ","010"
"4-219011","219","HUILE/VINAIGRE/CONDIMENTS     ","011"
"4-219012","219","PLATS CUISINES                ","012"
"4-219013","219","POTAGES                       ","013"
"4-219014","219","AUTRES COMPOSANTS DE REPAS    ","014"
"4-219015","219","BOISSONS ET JUS               ","015"
"4-219016","219","SOJAS ET DERIVES              ","016"
"4-219017","219","PRODUITS MINCEUR              ","017"
"4-219018","219","COMPLEMENTS NUTRITIONNELS     ","018"
"4-219019","219","DIETETIQUE SPORTIVE           ","019"
"4-219020","219","SANS GLUTEN                   ","020"
"4-220001","220","PDTS EXOTIQ.ET EUROPEENS      ","001"
"4-220003","220","PRODUITS CACHER               ","003"
"4-220004","220","TRADITION ET GASTRONOMIE      ","004"
"4-220005","220","PRODUITS HALAL                ","005"
"4-221001","221","DE LUXE                       ","001"
"4-221002","221","MENAGERE                      ","002"
"4-221003","221","PATISSIERE                    ","003"
"4-221004","221","PREPARATIONS                  ","004"
"4-221005","221","EPAISSISSANTS                 ","005"
"4-221006","221","AUTRES                        ","006"
"4-222001","222","PUREE DE POMME DE TERRE       ","001"
"4-222002","222","FECULE                        ","002"
"4-222003","222","SEMOULES                      ","003"
"4-222004","222","AUTRES                        ","004"
"4-223001","223","QUALITE SUPERIEURE            ","001"
"4-223002","223","AUX OEUFS                     ","002"
"4-223003","223","ALSACIENNE                    ","003"
"4-223004","223","FOURREE ET SPECIALITE         ","004"
"4-223005","223","SAUCES TOMATES CHAUDES        ","005"
"4-224001","224","ROND                          ","001"
"4-224002","224","LONG ORDINAIRE                ","002"
"4-224003","224","LONG PRETRAITE                ","003"
"4-224004","224","BRUN ET COMPLET               ","004"
"4-224005","224","EXOTIQUE                      ","005"
"4-224006","224","CUISINE                       ","006"
"4-225001","225","LENTILLES                     ","001"
"4-225002","225","HARICOTS                      ","002"
"4-225003","225","POIS                          ","003"
"4-225004","225","AUTRES                        ","004"
"4-226001","226","BOUILLON                      ","001"
"4-226002","226","POTAGE LIQUIDE                ","002"
"4-226003","226","DESHYDRATE                    ","003"
"4-226004","226","AIDE CULINAIRE                ","004"
"4-226005","226","CROUTONS                      ","005"
"4-227001","227","LEGUMES CONDIMENTAIRES        ","001"
"4-227002","227","MOUTARDES                     ","002"
"4-227003","227","MAYONNAISE                    ","003"
"4-227004","227","SAUCES EMULSIONNEES           ","004"
"4-227005","227","KETCHUP                       ","005"
"4-227006","227","SAUCES CHAUDES SANS TOMATE    ","006"
"4-227007","227","AUTRES SAUCES                 ","007"
"4-228001","228","GROS SEL                      ","001"
"4-228002","228","SEL FIN                       ","002"
"4-228003","228","POIVRE                        ","003"
"4-228004","228","EPICES                        ","004"
"4-228005","228","HERBES                        ","005"
"4-229001","229","STANDARD                      ","001"
"4-230001","230","ARACHIDE                      ","001"
"4-230002","230","TOURNESOL                     ","002"
"4-230003","230","MELANGE                       ","003"
"4-230004","230","AUTRES HUILES VEGETALES       ","004"
"4-230005","230","OLIVE                         ","005"
"4-230007","230","AUTRE                         ","007"
"4-230008","230","HUILE DE PALME                ","008"
"4-231001","231","D'ALCOOL                      ","001"
"4-231002","231","DE VIN                        ","002"
"4-231003","231","SPECIAUX                      ","003"
"4-231004","231","VINAIGRETTES                  ","004"
"4-231005","231","SAUCES EMULSIONNEES           ","005"
"4-231006","231","AUTRES                        ","006"
"4-232001","232","COMPOTE                       ","001"
"4-232002","232","CONFITURE                     ","002"
"4-232003","232","GELEE                         ","003"
"4-232004","232","MIEL                          ","004"
"4-232005","232","CREME DE FRUIT                ","005"
"4-232006","232","PATE A TARTINER               ","006"
"4-233001","233","ANANAS                        ","001"
"4-233002","233","AUTRES FRUITS AU SIROP        ","002"
"4-233003","233","FRUITS AU SIROP COUPELLES     ","003"
"4-234001","234","HARICOTS VERTS                ","001"
"4-234002","234","HARICOTS BEURRES              ","002"
"4-234003","234","FLAGEOLETS                    ","003"
"4-234004","234","HARICOTS BLANCS               ","004"
"4-234005","234","MARRONS                       ","005"
"4-234006","234","LENTILLES PREPAREES           ","006"
"4-234007","234","POIS CHICHES                  ","007"
"4-234008","234","CELERIS                       ","008"
"4-234009","234","SALSIFIS                      ","009"
"4-234010","234","CHOUX DE BRUXELLES            ","010"
"4-234011","234","POMME DE TERRE                ","011"
"4-234012","234","CAROTTES                      ","012"
"4-234013","234","EPINARDS                      ","013"
"4-234014","234","TOMATES                       ","014"
"4-234015","234","CHAMPIGNON DE PARIS           ","015"
"4-234016","234","AUTRES CHAMPIGNONS            ","016"
"4-234017","234","SALADES                       ","017"
"4-234018","234","AUTRES LEGUMES                ","018"
"4-234019","234","MAIS                          ","019"
"4-234020","234","SOJA                          ","020"
"4-234021","234","COEUR DE PALMIER              ","021"
"4-234022","234","ARTICHAUTS                    ","022"
"4-234023","234","ASPERGES                      ","023"
"4-234024","234","MELANGES                      ","024"
"4-234025","234","POIS CAROTTES                 ","025"
"4-234026","234","PETIT POIS                    ","026"
"4-235001","235","SARDINES                      ","001"
"4-235002","235","MAQUEREAUX                    ","002"
"4-235003","235","THON                          ","003"
"4-235004","235","FRUITS DE MER                 ","004"
"4-235005","235","DIVERS                        ","005"
"4-235006","235","SALADES DE POISSON            ","006"
"4-236001","236","PATES                         ","001"
"4-236002","236","FOIE GRAS                     ","002"
"4-236004","236","AUTRES                        ","004"
"4-237001","237","CASSOULETS                    ","001"
"4-237002","237","CHOUCROUTE                    ","002"
"4-237003","237","A BASE DE VIANDE              ","003"
"4-237004","237","QUENELLES                     ","004"
"4-237005","237","SALADES LEGUMES CUISINES      ","005"
"4-237006","237","ESCARGOTS                     ","006"
"4-237007","237","PLAT EXOTIQUE                 ","007"
"4-237008","237","DESHYDRATE                    ","008"
"4-237009","237","BARQUETTE                     ","009"
"4-237010","237","BASE DE PATE                  ","010"
"4-238001","238","PETITS POTS                   ","001"
"4-238002","238","PUREE                         ","002"
"4-238003","238","FARINE                        ","003"
"4-238004","238","POTAGE                        ","004"
"4-238005","238","LAIT MATERNISE                ","005"
"4-238006","238","BISCUITS                      ","006"
"4-238007","238","BOISSONS                      ","007"
"4-239001","239","HUMIDE CHIEN                  ","001"
"4-239002","239","HUMIDE CHAT                   ","002"
"4-239003","239","SEMI HUMIDE                   ","003"
"4-239004","239","SEC CHIEN                     ","004"
"4-239005","239","SEC CHAT                      ","005"
"4-239006","239","LIQUIDES                      ","006"
"4-261001","261","COLA                          ","001"
"4-261002","261","LIMONADE ET LIMES             ","002"
"4-261003","261","SODA                          ","003"
"4-261004","261","TONIC BITTERS                 ","004"
"4-261005","261","BOISSON AUX FRUITS PETILLANTE ","005"
"4-261006","261","BOISSON AUX FRUITS PLATE      ","006"
"4-261007","261","PUR JUS                       ","007"
"4-261008","261","JUS ABC ET NECTARS            ","008"
"4-261009","261","SIROPS ET CONCENTRES          ","009"
"4-261010","261","BOISSONS DE L'EFFORT          ","010"
"4-261011","261","AUTRES                        ","011"
"4-262001","262","BIERES                        ","001"
"4-262002","262","BIERES SANS ALCOOL ET LIGHT   ","002"
"4-262004","262","PANACHES                      ","004"
"4-262005","262","CIDRES                        ","005"
"4-262012","262","CAVE A BIERE                  ","012"
"4-263001","263","EAUX PLATES                   ","001"
"4-263002","263","EAUX GAZEUSES                 ","002"
"4-263003","263","EAUX AROMATISEES              ","003"
"4-264001","264","VINS DE PAYS                  ","001"
"4-264002","264","VINS DE TABLE                 ","002"
"4-264003","264","AUTRES VINS                   ","003"
"4-265001","265","VINS D'ITALIE                 ","001"
"4-265002","265","VINS DU MAGHREB               ","002"
"4-265003","265","VINS D'ESPAGNE                ","003"
"4-265004","265","AUTRES PROVENANCES            ","004"
"4-266001","266","ALSACE                        ","001"
"4-266002","266","LOIRE                         ","002"
"4-266003","266","RHONE                         ","003"
"4-266004","266","BEAUJOLAIS                    ","004"
"4-266005","266","BOURGOGNE MACON CHALON        ","005"
"4-266006","266","BORDEAUX                      ","006"
"4-266007","266","PROVENCE                      ","007"
"4-266008","266","SUD OUEST                     ","008"
"4-266010","266","AUTRES AOC                    ","010"
"4-267001","267","CHAMPAGNES                    ","001"
"4-267002","267","MOUSSEUX ET AUTRES PETILLANTS ","002"
"4-268001","268","ANISES                        ","001"
"4-268002","268","VINS DOUX NATURELS            ","002"
"4-268003","268","VERMOUTHS                     ","003"
"4-268004","268","APERITIFS A BASE DE VIN       ","004"
"4-268005","268","PORTO                         ","005"
"4-268006","268","VINS DE LIQUEUR               ","006"
"4-268007","268","AMERS BITTERS GENTIANES       ","007"
"4-268008","268","PUNCHS                        ","008"
"4-268009","268","COCKTAILS                     ","009"
"4-268010","268","PRODUITS POUR COCKTAILS       ","010"
"4-269001","269","ARMAGNAC                      ","001"
"4-269002","269","COGNAC                        ","002"
"4-269003","269","CALVADOS                      ","003"
"4-269004","269","BRANDY ET MARCS               ","004"
"4-269005","269","EAUX DE VIE                   ","005"
"4-269006","269","LIQUEURS                      ","006"
"4-269007","269","RHUM                          ","007"
"4-270001","270","GIN                           ","001"
"4-270002","270","VODKA                         ","002"
"4-270003","270","TEQUILA ET AUTRES             ","003"
"4-270004","270","WHISKY                        ","004"
"4-271001","271","APERITIFS                     ","001"
"4-271002","271","SPIRITUEUX                    ","002"
"4-271003","271","ALCOOLS DE GRAINS             ","003"
"4-272001","272","ALCOOLS MODIFIES              ","001"
"4-272003","272","ALCOOLS PATISSIERS            ","003"
"4-281001","281","LAVAGE DU LINGE               ","001"
"4-281002","281","SAVONS DE MENAGE              ","002"
"4-281003","281","ASSOUPLISSANTS                ","003"
"4-281004","281","SOINS DU LINGE                ","004"
"4-282001","282","LIQUIDES DE SYNTHESE          ","001"
"4-282002","282","LAVE VAISSELLE                ","002"
"4-282003","282","NETTOYANTS MENAGERS           ","003"
"4-282004","282","EAU DE JAVEL                  ","004"
"4-282005","282","SOLS                          ","005"
"4-282006","282","TAPIS MOQUETTES               ","006"
"4-282007","282","WC ET FOSSES                  ","007"
"4-282008","282","VITRES                        ","008"
"4-282009","282","MEUBLES                       ","009"
"4-282010","282","FOURS                         ","010"
"4-282011","282","METAUX                        ","011"
"4-282012","282","ENTRETIEN DES MACHINES        ","012"
"4-282013","282","SELS ET DEBOUCHEURS           ","013"
"4-283001","283","DESODORISANTS                 ","001"
"4-283002","283","INSECTICIDES                  ","002"
"4-283003","283","CIRAGES                       ","003"
"4-283004","283","EMBALLAGES MENAGERS           ","004"
"4-283005","283","OUTILS D'ESSUYAGE             ","005"
"4-283006","283","TISSUS ET TAMPONS             ","006"
"4-283007","283","PRODUITS D'ALLUMAGE           ","007"
"4-284001","284","PAPIER TOILETTE               ","001"
"4-284002","284","ESSUIE TOUT                   ","002"
"4-284003","284","MOUCHOIRS                     ","003"
"4-284004","284","COTON                         ","004"
"4-284005","284","HYGIENE FEMININE              ","005"
"4-284006","284","HYGIENE ADULTE                ","006"
"4-284007","284","HYGIENE BEBE                  ","007"
"4-285001","285","EAUX DE COLOGNE               ","001"
"4-285002","285","EAUX DE TOILETTE              ","002"
"4-285003","285","PARFUMS                       ","003"
"4-285004","285","SAVONS                        ","004"
"4-285005","285","BAINS ET DOUCHES              ","005"
"4-285006","285","DEODORANTS                    ","006"
"4-285007","285","DEODORANTS PARFUMANTS         ","007"
"4-285008","285","HYGIENE BUCCO-DENTAIRE        ","008"
"4-285009","285","RASAGE                        ","009"
"4-286001","286","SOINS DU VISAGE               ","001"
"4-286002","286","SOINS DU CORPS                ","002"
"4-286003","286","MAQUILLAGE                    ","003"
"4-286004","286","BEBE                          ","004"
"4-286005","286","ACCESSOIRES DE BEAUTE         ","005"
"4-286006","286","PRODUITS SOLAIRES             ","006"
"4-287001","287","MAINTIEN DE LA COIFFURE       ","001"
"4-287002","287","SHAMPOOINGS ADULTES           ","002"
"4-287003","287","SOINS DU CHEVEUX              ","003"
"4-287004","287","COLORATION                    ","004"
"4-288001","288","PANSEMENTS                    ","001"
"4-288002","288","HYGIENE                       ","002"
"4-288004","288","ACCESSOIRES ET DIVERS         ","004"
"4-290001","290","SACS CLIENTELE (PAYANTS)      ","001"
"4-291001","291","EMBALLAGE BOUCHERIE           ","001"
"4-292001","292","EMBALLAGE FRUITS ET LEGUMES   ","001"
"4-293001","293","EMBALLAGE POISSONNERIE        ","001"
"4-294001","294","EMBALLAGE BOULANGERIE/PATISSER","001"
"4-295001","295","EMBALLAGE PATISSERIE          ","001"
"4-296001","296","EMBALLAGE TRAITEUR/CHARC/FROM ","001"
"4-296003","296","BARQUETTES UTILISATION CHAUDE ","003"
"4-296005","296","BOITES A PIZZA                ","005"
"4-296006","296","EMBALLAGES BOULANGE-PATISSERIE","006"
"4-298001","298","SACS ISOTHERMES               ","001"
"4-299001","299","SAC DE SORTIE DE CAISSE       ","001"
"4-299002","299","PAPIER CADEAU                 ","002"
"4-299003","299","HYGIENE                       ","003"
"4-299004","299","ECONOMAT                      ","004"
"4-299005","299","PINCES A ETIQUETER ETIQUETTES ","005"
"4-299006","299","AUTRES                        ","006"
"4-299007","299","REMBOURSEMENT                 ","007"
"4-300001","300","OUTILLAGE A MAIN              ","001"
"4-300002","300","PETITE QUINCAILLERIE          ","002"
"4-300009","300","SERRURERIE SECURITE           ","009"
"4-300010","300","FICELLES ET CORDAGES          ","010"
"4-300012","300","MATERIEL                      ","012"
"4-301002","301","PRISE & INTERRUPTEUR          ","002"
"4-301003","301","FIL ET CABLE                  ","003"
"4-301004","301","FICHE                         ","004"
"4-301005","301","DOMOTIQUE                     ","005"
"4-302001","302","COLLES BRICO                  ","001"
"4-302002","302","ADHESIFS                      ","002"
"4-302004","302","ETANCHEITE                    ","004"
"4-303001","303","ELECTRO PORTATIF              ","001"
"4-303002","303","GROS OUTILLAGE                ","002"
"4-303003","303","ACCESSOIRES ELECTRO PORTATIFS ","003"
"4-304001","304","SALINES                       ","001"
"4-304002","304","ALCALINES                     ","002"
"4-304003","304","RECHARGEABLES                 ","003"
"4-304005","304","ECLAIRAGE PORTATIF            ","005"
"4-306003","306","AUTRES ARTICLES               ","003"
"4-307001","307","DOSEURS                       ","001"
"4-307002","307","ACCESSOIRES                   ","002"
"4-308001","308","GANTS                         ","001"
"4-308002","308","RECIPIENTS MENAGERS           ","002"
"4-308003","308","TEXTILE ENTRETIEN             ","003"
"4-308004","308","BROSSERIE                     ","004"
"4-308005","308","ESSUIE PIEDS, GRATTE PIEDS    ","005"
"4-309001","309","CONTENANT CAFE ET DEJEUNER    ","001"
"4-309002","309","CAFETIERES THEIERES BOUILLOIRE","002"
"4-310001","310","GOBELETS                      ","001"
"4-310002","310","CHOPPES ET BOCKS              ","002"
"4-310003","310","BROCS,CARAFES,PICHETS         ","003"
"4-310005","310","VERRES A PIEDS                ","005"
"4-310007","310","DEGUSTATION, BAR ACCESSOIRES  ","007"
"4-311001","311","ASSIETTES                     ","001"
"4-311003","311","SALADIER LEGUMIER JATTE       ","003"
"4-311004","311","COMPLEMENT VAISSELLE          ","004"
"4-311005","311","SERVICES ET ENSEMBLES         ","005"
"4-311007","311","BOCAUX FANTAISIE & VERRERIE RU","007"
"4-313001","313","PETITS USTENSILES CUISINE     ","001"
"4-313003","313","PENDERIES CUISINE             ","003"
"4-313004","313","COUTELLERIE                   ","004"
"4-313005","313","BOISSELLERIE & ART.ASSIMILES  ","005"
"4-313007","313","OUTILLAGE DOMESTIQUE          ","007"
"4-313008","313","GADGETS                       ","008"
"4-313009","313","ACC.PREPARATION PATISSERIE    ","009"
"4-314001","314","RANGEMENT MAISON PLASTIQUE    ","001"
"4-314003","314","POUSSETTES SACS A PROVISIONS  ","003"
"4-314004","314","POUBELLES                     ","004"
"4-314007","314","MISE EN BOCAUX                ","007"
"4-315001","315","RECIPIENTS ISOTHERMES         ","001"
"4-315002","315","BOITES HERMETIQUES            ","002"
"4-315003","315","ARTICLES DE TABLE PLASTIQUE   ","003"
"4-315004","315","ARTICLES D'EVIER PLASTIQUE    ","004"
"4-315005","315","PLATEAUX TS MATERIAUX         ","005"
"4-315006","315","SETS DE TABLE                 ","006"
"4-315008","315","SERVIETTE                     ","008"
"4-316001","316","VAISSELLES A JETER            ","001"
"4-317001","317","COFFRE PANIER LINGES          ","001"
"4-317002","317","SECHOIR PINCES LINGE          ","002"
"4-317003","317","TABLE A REPASSER ET HOUSSE    ","003"
"4-317004","317","CINTRES                       ","004"
"4-317005","317","RANGEMENT PENDERIE            ","005"
"4-318001","318","POELES CREPIERES              ","001"
"4-318002","318","SAUTEUSES                     ","002"
"4-318003","318","COUVERCLES CACHES PLAQUES     ","003"
"4-318004","318","GRILLE CROQUE GAUFRIER        ","004"
"4-318005","318","CASSEROLES","005"
"4-318006","318","FAITOUTS MARMITES COCOTTE     ","006"
"4-318007","318","PRODUITS SPECIFIQUES CUISSON  ","007"
"4-318008","318","FRITEUSES                     ","008"
"4-319001","319","PLATS & ART. DE CONGELATION   ","001"
"4-319003","319","PLAT ET ART. DE FOUR          ","003"
"4-319004","319","MOULERIE                      ","004"
"4-321001","321","ENVELOPPES                    ","001"
"4-321002","321","BLOCS                         ","002"
"4-321003","321","ENSEMBLES                     ","003"
"4-321004","321","CARTES VISITE + ENVELOPPES    ","004"
"4-322001","322","ECRITURE CRAYON               ","001"
"4-322002","322","ECRITURE ENCRE                ","002"
"4-322003","322","ECRITURE EFFACAGE             ","003"
"4-322004","322","DESSIN                        ","004"
"4-323001","323","CAHIER 17X22                  ","001"
"4-323002","323","CAHIER 21 X 29,7              ","002"
"4-323003","323","CAHIER 24 X 32                ","003"
"4-324002","324","COPIES DOUBLES 21X29,7        ","002"
"4-325002","325","FEUILLES MOBILES 21 X 29,7    ","002"
"4-326001","326","CARNETS                       ","001"
"4-326002","326","REPERTOIRES                   ","002"
"4-326003","326","ADMINISTRATIF REPROGRAPHIE    ","003"
"4-326004","326","ADMINISTRATIFS BLOCS          ","004"
"4-326005","326","ADMINISTRATIF/BRISTOL         ","005"
"4-327001","327","CAHIER DESSIN                 ","001"
"4-327002","327","BLOCS                         ","002"
"4-328001","328","PEINTURE SCOLAIRE             ","001"
"4-328003","328","COLLE/ADHESIF/ETIQUETTE       ","003"
"4-328005","328","MESURE                        ","005"
"4-328006","328","ACCESSOIRES PAPETERIE         ","006"
"4-329001","329","CLASSEMENT                    ","001"
"4-329002","329","ACCES.BUREAU                  ","002"
"4-336001","336","CARTERIE                      ","001"
"4-336002","336","PAPIER CADEAU                 ","002"
"4-340001","340","PAPETERIE SPECIALISEE         ","001"
"4-344001","344","ECRITURE                      ","001"
"4-344003","344","PETIT MATERIEL DE BUREAU      ","003"
"4-344004","344","CLASSEMENT/RANGEMENT          ","004"
"4-345008","345","BARBECUES                     ","008"
"4-345009","345","CHARBON DE BOIS               ","009"
"4-350009","350","BROUETTES                     ","009"
"4-350109","350","BROUETTES","109"
"4-353008","353","ARROSOIRS                     ","008"
"4-354002","354","PROTECTIONS                   ","002"
"4-354003","354","TUTEURS ET LIENS              ","003"
"4-356001","356","SUPPORTS DE CULTURE           ","001"
"4-356003","356","ENGRAIS                       ","003"
"4-356006","356","PRODUIT POUR PLANTES DE MAISON","006"
"4-356008","356","ANTI NUISIBLES                ","008"
"4-357001","357","OISELLERIE                    ","001"
"4-357002","357","RONGEURS                      ","002"
"4-357003","357","AQUARIOPHILIE                 ","003"
"4-357004","357","CHATS                         ","004"
"4-357005","357","CHIENS                        ","005"
"4-357006","357","LITIERES CHAT                 ","006"
"4-357007","357","BASSE COUR                    ","007"
"4-361002","361","TRINGLERIE FENETRE            ","002"
"4-364002","364","ACCESSOIRES WC                ","002"
"4-364004","364","ACCESSOIRES SALLE DE BAIN     ","004"
"4-364007","364","SATURATEURS ET ACC.           ","007"
"4-366001","366","STANDARD                      ","001"
"4-366003","366","FLAMME                        ","003"
"4-366004","366","AMPOULES TUBE                 ","004"
"4-366006","366","ECONOMIE D'ENERGIE            ","006"
"4-366007","366","HALOGENE                      ","007"
"4-367001","367","ROBINETTERIE                  ","001"
"4-367002","367","OUTIL ET ACCESSOIRES PLOMBERIE","002"
"4-367003","367","TUYAU GAZ ET ACCESSOIRES      ","003"
"4-368001","368","PULVERULENTS/POUDRES          ","001"
"4-368002","368","ACCESSOIRE ET OUTILLAGE       ","002"
"4-369001","369","ADJUVANTS                     ","001"
"4-369002","369","OUTIL DU PEINTRE              ","002"
"4-370003","370","CONFORT INTERIEUR             ","003"
"4-372003","372","OUTILLAGE                     ","003"
"4-373002","373","DIESEL                        ","002"
"4-373003","373","SPECIALITE                    ","003"
"4-374001","374","LAVAGE                        ","001"
"4-374003","374","FONCTIONNEMENT                ","003"
"4-374004","374","DEPANNAGE SECURITE            ","004"
"4-374101","374","LAVAGE","101"
"4-374103","374","FONCTIONNEMENT","103"
"4-374104","374","DEPANNAGE SECURITE","104"
"4-378001","378","REPARATION                    ","001"
"4-380002","380","PELUCHES                      ","002"
"4-384003","384","FROID                         ","003"
"4-397001","397","BOUGIES                       ","001"
"4-397002","397","ARTICLES SENTEURS             ","002"
"4-398001","398","TABLE EN FETE                 ","001"
"4-626001","626","MI CHAUSSETTE INTARSIA        ","001"
"4-626002","626","MI CHAUSSETTE VILLE           ","002"
"4-626004","626","MI BAS OPAQUE                 ","004"
"4-626005","626","MI BAS FIN                    ","005"
"4-626006","626","SOCQUETTE                     ","006"
"4-626201","626","MI CHAUSSETTE INTARSIA","201"
"4-626202","626","MI CHAUSSETTE VILLE","202"
"4-626204","626","MI BAS OPAQUE","204"
"4-626205","626","MI BAS FIN","205"
"4-626206","626","SOCQUETTE","206"
"4-646000","646","BAS FIN                       ","000"
"4-646002","646","COLLANT FIN                   ","002"
"4-646003","646","COLLANT OPAQUE                ","003"
"4-646004","646","COLLANT CHAUD                 ","004"
"4-646300","646","BAS FIN","300"
"4-646302","646","COLLANT FIN","302"
"4-646303","646","COLLANT OPAQUE","303"
"4-646304","646","COLLANT CHAUD","304"
"4-714002","714","MOUCHOIRS FEMME               ","002"
"4-715001","715","MERCERIE                      ","001"
"4-721001","721","BIBERONS                      ","001"
"4-721002","721","TETINES / SUCETTES            ","002"
"4-721003","721","ACCESSOIRES REPAS             ","003"
"4-721004","721","BAVOIRS                       ","004"
"4-721005","721","VAISSELLE                     ","005"
"4-722001","722","ACCESSOIRES TOILETTES         ","001"
"4-722004","722","ACCESSOIRES MEDICAUX          ","004"
"4-723001","723","ACCESSOIRE SECURITE PREVENTION","001"
"4-726009","726","PARURES                       ","009"
"4-727001","727","JOUETS                        ","001"
"4-747001","747","PLIANT                        ","001"
"4-763003","763","CHAUSSURE MONTANTE MIXTE      ","003"
"4-775009","775","TRAINING                      ","009"
"4-790027","790","SEMELLES                      ","027"
"4-790029","790","LACETS                        ","029"
"4-800001","800","CAFETIERE                     ","001"
"4-800002","800","BOUILLOIRE                    ","002"
"4-801001","801","PREPA.CULINAIRE               ","001"
"4-801003","801","CUISSON                       ","003"
"4-805002","805","HOMME                         ","002"
"4-807001","807","CHAUFFAGE ELECTRIQUE          ","001"
"4-807004","807","TRAITEMENT DE L'AIR           ","004"
"4-807005","807","TRAITEMENT DE L'EAU           ","005"
"4-808001","808","ENTRETIENS DES SOLS           ","001"
"4-808004","808","DIVERS                        ","004"
"4-811007","811","CAVE A VIN","007"
"4-815001","815","MATERIEL DE CUISINE           ","001"
"4-815003","815","MATERIEL COMPTOIR / SNACK     ","003"
"4-821007","821","APPAREILS JETABLES            ","007"
"4-852001","852","BUREAU                        ","001"
"4-852008","852","DECORATION                    ","008"
"4-880004","880","TRANSISTOR                    ","004"
"4-887002","887","CASQUES / MICRO               ","002"
"4-941005","941","ADD ONS                       ","005"
"4-941006","941","STOCKAGE                      ","006"
"4-955001","955","STERES                        ","001"
"4-998001","998","DIVERS (PUBLICITE)            ","001"