"261001","261","COLA","001",""
"261002","261","LIMONADE, LIMES, GASEOSA","002",""
"261003","261","SODA","003",""
"261004","261","TONIC BITTERS","004",""
"261005","261","BOISSONS AUX FRUITS PETIL","005",""
"261006","261","BOISSON AUX FRUITS PLATE","006",""
"261007","261","PUR JUS","007",""
"261008","261","JUS ABC ET NECTARS","008",""
"261009","261","SIROPS ET CONCENTRES","009",""
"261010","261","BOISSONS DE L'EFFORT","010",""
"261011","261","AUTRES","011",""
"262001","262","BIERES","001",""
"262002","262","BIERES SS ALCOOL ET LIGHT","002",""
"262004","262","PANACHES","004",""
"262005","262","CIDRES","005",""
"262006","262","DIVERS ACCESSOIRES BIERE","006",""
"262012","262","CAVE A BIERE","012",""
"263001","263","EAUX PLATES","001",""
"263002","263","EAUX GAZEUSES","002",""
"263003","263","EAUX AROMATISEES","003",""
"264001","264","VINS DE PAYS","001",""
"264002","264","VINS DE TABLE","002",""
"264003","264","AUTRES VINS","003",""
"265001","265","VINS D'ITALIE","001",""
"265002","265","VINS DU MAGHREB","002",""
"265003","265","VINS D'ESPAGNE","003",""
"265004","265","AUTRES PROVENANCES","004",""
"266001","266","ALSACE","001",""
"266002","266","LOIRE","002",""
"266003","266","RHONE","003",""
"266004","266","BEAUJOLAIS","004",""
"266005","266","BOURGOGNE MACON CHALON","005",""
"266006","266","BORDEAUX","006",""
"266007","266","PROVENCE","007",""
"266008","266","SUD OUEST","008",""
"266009","266","V.D.Q.S.","009",""
"266010","266","AUTRES A.O.C.","010",""
"266011","266","LANGUEDOC ROUSSILLON","011",""
"267001","267","CHAMPAGNES","001",""
"267002","267","MOUSSEUX ET PETILLANTS","002",""
"268001","268","ANISES XERES","001",""
"268002","268","VINS DOUX NATURELS","002",""
"268003","268","VERMOUTHS","003",""
"268004","268","APERITIFS A BASE DE VIN","004",""
"268005","268","PORTO","005",""
"268006","268","VINS DE LIQUEUR","006",""
"268007","268","AMERS BITTERS GENTIANES","007",""
"268008","268","PUNCHS","008",""
"268009","268","COCKTAILS","009",""
"268010","268","PRODUITS POUR COCKTAILS","010",""
"269001","269","ARMAGNAC","001",""
"269002","269","COGNAC","002",""
"269003","269","CALVADOS","003",""
"269004","269","BRANDY ET MARCS","004",""
"269005","269","EAUX DE VIE","005",""
"269006","269","LIQUEURS","006",""
"269007","269","RHUM","007",""
"270001","270","GIN","001",""
"270002","270","VODKA","002",""
"270003","270","TEQUILA ET AUTRES","003",""
"270004","270","WHISKY","004",""
"270005","270","SPIRITUEUX A BASE ALCOOL","005",""
"271001","271","APERITIFS","001",""
"271002","271","SPIRITUEUX","002",""
"271003","271","ALCOOLS DE GRAINS","003",""
"272001","272","ALCOOLS MODIFIES","001",""
"272002","272","EXTRAIT ALCOLISES/ALCOOLA","002",""
"272003","272","ALCOOLS PATISSIERS","003",""
"999999","999","DEFAUT","999",""
"281001","281","LAVAGE DU LINGE","001",""
"281002","281","SAVONS DE MENAGE","002",""
"281003","281","ASSOUPLISSANTS","003",""
"281004","281","SOINS DU LINGE","004",""
"282001","282","LIQUIDES DE SYNTHESE","001",""
"282002","282","LAVE VAISSELLE","002",""
"282003","282","NETTOYANTS MENAGERS","003",""
"282004","282","EAU DE JAVEL","004",""
"282005","282","SOLS","005",""
"282006","282","TAPIS MOQUETTES","006",""
"282007","282","WC ET FOSSES","007",""
"282008","282","VITRES","008",""
"282009","282","MEUBLES","009",""
"282010","282","FOURS","010",""
"282011","282","METAUX","011",""
"282012","282","ENTRETIEN DES MACHINES","012",""
"282013","282","SELS ET DEBOUCHEURS","013",""
"283001","283","DESODORISANTS","001",""
"283002","283","INSECTICIDES","002",""
"283003","283","CIRAGES","003",""
"283004","283","EMBALLAGES MENAGERS","004",""
"283005","283","OUTILS D'ESSUYAGE","005",""
"283006","283","TISSUS ET TAMPONS","006",""
"283007","283","PRODUITS D'ALLUMAGE","007",""
"284001","284","PAPIER TOILETTE","001",""
"284002","284","ESSUIE TOUT","002",""
"284003","284","MOUCHOIRS","003",""
"284004","284","COTON","004",""
"284005","284","HYGIENE FEMININE","005",""
"284006","284","HYGIENE ADULTE","006",""
"284007","284","HYGIENE BEBE","007",""
"284008","284","ESSUIES-MAIN","008",""
"285001","285","EAUX DE COLOGNE","001",""
"285002","285","EAUX DE TOILETTE","002",""
"285003","285","PARFUMS","003",""
"285004","285","SAVONS","004",""
"285005","285","BAINS ET DOUCHES","005",""
"285006","285","DEODORANTS","006",""
"285007","285","DEODORANTS PARFUMANTS","007",""
"285008","285","HYGIENE BUCCO-DENTAIRE","008",""
"285009","285","RASAGE","009",""
"285010","285","HYGIEN.BUCO-DENT ELECTRIC","010",""
"286001","286","SOINS DU VISAGE","001",""
"286002","286","SOINS DU CORPS","002",""
"286003","286","MAQUILLAGE","003",""
"286004","286","BEBE","004",""
"286005","286","ACCESSOIRES DE BEAUTE","005",""
"286006","286","PRODUITS SOLAIRES","006",""
"286007","286","MAQUILLAGE TRADITIONNEL","007",""
"287001","287","MAINTIEN DE LA COIFFURE","001",""
"287002","287","SHAMPOOINGS ADULTES","002",""
"287003","287","SOINS DU CHEVEUX","003",""
"287004","287","COLORATION","004",""
"288001","288","PANSEMENTS","001",""
"288002","288","HYGIENE","002",""
"288004","288","ACCESSOIRES ET DIVERS","004",""
"201001","201","BISCOTTES ET ASSIMILES","001",""
"201002","201","PAIN SUEDOIS","002",""
"201003","201","SPECIALITES","003",""
"202001","202","PAIN LONGUE CONSERVATION","001",""
"202002","202","PANIFICATION SEMI-FRAICHE","002",""
"202003","202","PANIFICATION SUCREE","003",""
"202004","202","SPECIALITES (PAINS SPEC.)","004",""
"203001","203","BISCUITS AUX OEUFS","001",""
"203002","203","GAUFRETTES","002",""
"203003","203","ACCOMPAGNEMENTS","003",""
"203004","203","CASSE-CROUTE ET GOUTER","004",""
"203005","203","BISCUITS SECS","005",""
"203006","203","BISC. PATISSIERS","006",""
"203007","203","COOKIES","007",""
"203008","203","ASSORTIMENTS","008",""
"204001","204","PATISS.A DLC LONGUE +30J","001",""
"204002","204","PATISS. DLC COURTE -30J","002",""
"204003","204","VIENNOISERIES","003",""
"205001","205","BISCUITS APERITIFS","001",""
"205002","205","EXTRUDES","002",""
"205003","205","GRAINES ET MELANGES","003",""
"205004","205","CONDIMENTS","004",""
"205006","205","AUTRES","006",""
"206001","206","MOULUS","001",""
"206002","206","GRAINS","002",""
"206003","206","DECAFEINE","003",""
"206004","206","NAPOLITAIN","004",""
"206005","206","FILTRES","005",""
"207001","207","CAFES SOLUBLES","001",""
"207002","207","MELANGES SOLUBLES","002",""
"207003","207","CHICOREE","003",""
"208001","208","INSTANTANE","001",""
"208002","208","PULVERISE","002",""
"208003","208","BOISSONS MALTEES","003",""
"208004","208","CACAO PUR","004",""
"209001","209","ENFANTS","001",""
"209002","209","FAMILLE","002",""
"209003","209","ADULTES","003",""
"209004","209","BARRES CEREALIERES","004",""
"210001","210","THES","001",""
"210002","210","INFUSIONS","002",""
"211001","211","PATISSIER","001",""
"211002","211","NOIR","002",""
"211003","211","LAIT","003",""
"211004","211","LAIT + INGREDIENTS","004",""
"211005","211","NOIR + INGREDIENTS","005",""
"211006","211","BLANC","006",""
"211007","211","SPECIALITES","007",""
"212001","212","SACHETS FRUITS","001",""
"212002","212","SACHETS CARAMEL","002",""
"212003","212","SACHETS CHOCOLAT","003",""
"212004","212","GELIFIES GOMMES","004",""
"212005","212","SACHETS MENTHE","005",""
"212006","212","AUTRES BONBONS SACHETS BT","006",""
"212007","212","PETITE CONFISERIE","007",""
"212008","212","PATE A MACHER","008",""
"212009","212","DRAGEES","009",""
"212010","212","BOITAGES","010",""
"212011","212","DIVERS","011",""
"213001","213","BOUCHEE ROCHER GRIOTTE","001",""
"213002","213","BARRES FONDANTES","002",""
"213003","213","BARRES CROUSTILLANTES","003",""
"213004","213","TURBINE","004",""
"213005","213","AUTRES","005",""
"214001","214","A CONSOMMER","001",""
"214002","214","A PREPARER","002",""
"214003","214","GATEAUX EXPRESS","003",""
"215001","215","AIDES A LA PATISSERIE","001",""
"215002","215","FRUITS SECS ET CONFITS","002",""
"215003","215","DECOR A PATISSERIE","003",""
"215004","215","CHOCOLATS DE COUVERTUR","004",""
"215005","215","CORPS GRAS POUR BOUL/PATI","005",""
"216001","216","LAITS CONCENTRES SUCRES","001",""
"216002","216","CONCENTRES NON SUCRES","002",""
"216003","216","POUDRES","003",""
"217001","217","MORCEAUX","001",""
"217002","217","POUDRES","002",""
"217003","217","SPECIAUX","003",""
"217004","217","EDULCORANTS DE SYNTHESE","004",""
"217005","217","ALLEGE","005",""
"218001","218","NOEL BOULES","001",""
"218002","218","NOEL TRUFFES","002",""
"218003","218","NOEL LIQUEURS + GRIOTTES","003",""
"218004","218","NOEL ASSORTIMENTS","004",""
"218005","218","NOEL MOULAGES","005",""
"218006","218","NOEL MARRONS GLACES","006",""
"218007","218","NOEL PATES DE FRUITS","007",""
"218008","218","NOEL SPECIALITES","008",""
"218009","218","NOEL AUTRES CHOCOLATS","009",""
"218011","218","PAQUES OEUFS LIQUEUR","011",""
"218012","218","PAQUES MOULAGES","012",""
"218013","218","PAQUES FRITURE","013",""
"218014","218","PAQUES BOITAGE","014",""
"218015","218","PAQUES AUTRES","015",""
"219001","219","BISCUITS","001",""
"219002","219","PANIFICATION","002",""
"219003","219","ENTREMET","003",""
"219004","219","PETIT DEJEUNER","004",""
"219005","219","SUCRES ET DERIVES","005",""
"219006","219","CEREALES","006",""
"219007","219","CONFISERIES","007",""
"219008","219","CHOCOLATS","008",""
"219009","219","CONFITURES ET MIELS","009",""
"219010","219","PATES","010",""
"219011","219","HUILE/VINAIGRE/CONDIMENTS","011",""
"219012","219","PLATS CUISINES","012",""
"219013","219","POTAGES","013",""
"219014","219","AUTRES COMPOSANTS REPAS","014",""
"219015","219","BOISSONS ET JUS","015",""
"219016","219","SOJAS ET DERIVES","016",""
"219017","219","PRODUITS MINCEUR","017",""
"219018","219","COMPLEMENTS NUTRITIONNELS","018",""
"219019","219","DIETETIQUE SPORTIVE","019",""
"219020","219","AUTRE SOLIDE","020",""
"219021","219","AUTRE LIQUIDE","021",""
"220001","220","PRODUITS EXOTIQUES/EUROPE","001",""
"220003","220","PRODUITS CACHER","003",""
"220004","220","TRADITION ET GASTRONOMIE","004",""
"220005","220","PRODUITS HALAL","005",""
"221001","221","DE LUXE","001",""
"221002","221","MENAGERE","002",""
"221003","221","PATISSIERE","003",""
"221004","221","PREPARATIONS","004",""
"221005","221","EPAISSISSANTS","005",""
"221006","221","AUTRES","006",""
"222001","222","PUREE DE POMME DE TERRE","001",""
"222002","222","FECULE","002",""
"222003","222","SEMOULES","003",""
"222004","222","AUTRES","004",""
"223001","223","QUALITE SUPERIEURE","001",""
"223002","223","AUX OEUFS","002",""
"223003","223","ALSACIENNE","003",""
"223004","223","FOURREE ET SPECIALITE","004",""
"223005","223","SAUCES TOMATES CHAUDES","005",""
"224001","224","ROND","001",""
"224002","224","LONG ORDINAIRE","002",""
"224003","224","LONG PRETRAITE","003",""
"224004","224","BRUN ET COMPLET","004",""
"224005","224","EXOTIQUE","005",""
"224006","224","CUISINE","006",""
"224007","224","RIZ JAPONAIS(GROS CONDIT)","007",""
"224008","224","RIZ THAILANDAIS (GRS CON)","008",""
"224009","224","RIZ INDIEN (GROS CONDITI)","009",""
"224010","224","RIZ AUTRES (GROS CONDITI)","010",""
"225001","225","LENTILLES","001",""
"225002","225","HARICOTS","002",""
"225003","225","POIS","003",""
"225004","225","AUTRES","004",""
"226001","226","BOUILLON","001",""
"226002","226","POTAGE LIQUIDE","002",""
"226003","226","DESHYDRATE","003",""
"226004","226","AIDE CULINAIRE","004",""
"226005","226","CROUTONS","005",""
"227001","227","LEGUMES CONDIMENTAIRES","001",""
"227002","227","MOUTARDES","002",""
"227003","227","MAYONNAISE","003",""
"227004","227","SAUCES EMULSIONNEES","004",""
"227005","227","KETCHUP","005",""
"227006","227","SAUCES CDES SANS TOMATES","006",""
"227007","227","AUTRES SAUCES","007",""
"228001","228","GROS SEL","001",""
"228002","228","SEL FIN","002",""
"228003","228","POIVRE","003",""
"228004","228","EPICES","004",""
"228005","228","HERBES","005",""
"228006","228","KERUPUK MENTHA","006",""
"228007","228","DENGENG MENTHA","007",""
"229001","229","STANDARD","001",""
"229002","229","PAILLE GAUFRETTES ALLUMET","002",""
"230001","230","ARACHIDE","001",""
"230002","230","TOURNESOL","002",""
"230003","230","MELANGE","003",""
"230004","230","AUTRES HUILES VEGETALES","004",""
"230005","230","OLIVE","005",""
"230006","230","GRAISSE VEGETALE","006",""
"230007","230","AUTRE","007",""
"230008","230","HUILE DE PALME","008",""
"230009","230","HUILE DE NOIX DE COCO","009",""
"231001","231","D'ALCOOL","001",""
"231002","231","DE VIN","002",""
"231003","231","SPECIAUX","003",""
"231004","231","VINAIGRETTES","004",""
"231005","231","SAUCES EMULSIONNEES","005",""
"231006","231","AUTRES","006",""
"232001","232","COMPOTE","001",""
"232002","232","CONFITURE","002",""
"232003","232","GELEE","003",""
"232004","232","MIEL","004",""
"232005","232","CREME DE FRUIT","005",""
"232006","232","PATE A TARTINER","006",""
"233001","233","ANANAS","001",""
"233002","233","AUTRES FRUITS AU SIROP","002",""
"233003","233","FRUITS AU SIROP COUPELLES","003",""
"234001","234","HARICOTS VERTS","001",""
"234002","234","HARICOTS BEURRES","002",""
"234003","234","FLAGEOLETS","003",""
"234004","234","HARICOTS BLANCS","004",""
"234005","234","MARRONS","005",""
"234006","234","LENTILLES PREPAREES","006",""
"234007","234","POIS CHICHE","007",""
"234008","234","CELERIS","008",""
"234009","234","SALSIFIS","009",""
"234010","234","CHOUX DE BRUXELLES","010",""
"234011","234","POMME DE TERRE","011",""
"234012","234","CAROTTES","012",""
"234013","234","EPINARDS","013",""
"234014","234","TOMATES","014",""
"234015","234","CHAMPIGNONS SE PARIS","015",""
"234016","234","AUTRES CHAMPIGNONS","016",""
"234017","234","SALADES","017",""
"234018","234","AUTRES LEGUMES","018",""
"234019","234","MAIS","019",""
"234020","234","SOJA","020",""
"234021","234","COEUR DE PALMIER","021",""
"234022","234","ARTICHAUTS","022",""
"234023","234","ASPERGES","023",""
"234024","234","MELANGES","024",""
"234025","234","POIS CAROTTES","025",""
"234026","234","PETIT POIS","026",""
"235001","235","SARDINES","001",""
"235002","235","MAQUEREAUX","002",""
"235003","235","THON","003",""
"235004","235","FRUITS DE MER","004",""
"235005","235","DIVERS","005",""
"235006","235","SALADES DE POISSON","006",""
"236001","236","PATES","001",""
"236002","236","FOIE GRAS","002",""
"236003","236","SAUCISSES DE STRASBOURG","003",""
"236004","236","AUTRES","004",""
"237001","237","CASSOULETS","001",""
"237002","237","CHOUCROUTE","002",""
"237003","237","A BASE DE VIANDE","003",""
"237004","237","QUENELLES","004",""
"237005","237","SALADES LEGUMES CUISINES","005",""
"237006","237","ESCARGOTS","006",""
"237007","237","PLATS EXOTIQUES","007",""
"237008","237","DESHYDRATE","008",""
"237009","237","BARQUETTE","009",""
"237010","237","BASE DE PATE","010",""
"238001","238","PETITS POTS","001",""
"238002","238","PUREE","002",""
"238003","238","FARINE","003",""
"238004","238","POTAGE","004",""
"238005","238","LAIT MATERNISE","005",""
"238006","238","BISCUITS","006",""
"238007","238","BOISSONS","007",""
"239001","239","HUMIDE CHIEN","001",""
"239002","239","HUMIDE CHAT","002",""
"239003","239","SEMI HUMIDE","003",""
"239004","239","SEC CHIEN","004",""
"239005","239","SEC CHAT","005",""
"239006","239","LIDUIDES","006",""
"239007","239","ALIM.ANIMAUX UNIVERS SANT","007",""
"891001","891","la poste","001",""
"001001","001","NATURE","001",""
"001002","001","AROMATISE","002",""
"001003","001","FRUIT ET PULPE","003",""
"001004","001","A BOIRE","004",""
"001005","001","A BASE DE SOJA","005",""
"002001","002","GELIFIES SANS CREME","001",""
"002002","002","GELIFIES AVEC CREME","002",""
"002003","002","CREME","003",""
"002004","002","MOUSSE","004",""
"002005","002","ENTREMET","005",""
"002006","002","FLAN NAPPE","006",""
"002007","002","COMPOTE","007",""
"002008","002","AUTRES DESSERTS","008",""
"003001","003","NATURE","001",""
"003002","003","AROMATISES","002",""
"003003","003","ALIMENTS BEBE","003",""
"004001","004","PATES LISSES NATURES","001",""
"004002","004","PATE LISSE FRUITE ET ARO.","002",""
"004003","004","CAMPAGNE","003",""
"004004","004","FAISSELLE","004",""
"004005","004","SPECIALITES","005",""
"005001","005","EPAISSE","001",""
"005002","005","FLUIDE","002",""
"005003","005","PRDTS A BASE DE CREME","003",""
"005004","005","SAUCES FRAICHES","004",""
"006001","006","JUS DE FRUITS","001",""
"006002","006","NECTARS","002",""
"006003","006","BOISSON AUX FRUITS","003",""
"007001","007","A BASE DE CEREALES","001",""
"008001","008","CRU","001",""
"008002","008","PASTEURISE","002",""
"008003","008","FERMENTE OU BATTU","003",""
"008004","008","LAIT A BASE VEGETALE","004",""
"016001","016","BEURRE 82% MG","001",""
"016002","016","BEURRE ALLEGE","002",""
"016003","016","SPEC.LAIT.TARTINE 0-40%","003",""
"017001","017","VEGETALE NORMALE 82% MG","001",""
"017002","017","VEGETALE ALLEGEE 60% MG","002",""
"017003","017","ALLEGE MIXTE CUISIN. 60%","003",""
"017004","017","MAGARINE ANIMALE","004",""
"017005","017","GRAISSE A FRIRE","005",""
"018001","018","DOUX","001",""
"018002","018","DEMI SEL","002",""
"019001","019","UHT + STERILISE","001",""
"020001","020","TYPE YAOURT","001",""
"020002","020","DESSERT","002",""
"020003","020","CREMES","003",""
"020004","020","SPECIALITES","004",""
"020005","020","COMPOTES","005",""
"020006","020","SAUCES","006",""
"021001","021","FRAIS","001",""
"021002","021","EXTRA FRAIS","002",""
"021003","021","DATES","003",""
"021004","021","POULE PLEIN AIR","004",""
"021005","021","OEUFS BIO","005",""
"021006","021","AUTRES OEUFS","006",""
"022001","022","PATE MOLLE CROUTE FLEUR.","001",""
"022002","022","PATE MOLLE CROUTE LAVEE","002",""
"022003","022","PATE PRESSEE CUITE","003",""
"022004","022","PATE PRESSEE NON CUITE","004",""
"022005","022","CHEVRES","005",""
"022006","022","PATE PERSILLEE","006",""
"022007","022","FROMAGES FONDUS","007",""
"022008","022","PATES FRAICHES","008",""
"022009","022","FROMAGES A CUISINER","009",""
"022010","022","SPECIALITES ET AUTRES","010",""
"022011","022","FROMAGE FRAIS EMBALLE","011",""
"023001","023","CUBE APERITIF","001",""
"029001","029","OEUF DUR","001",""
"029002","029","OEUF LIQUIDE","002",""
"029003","029","AUTRES","003",""
"031001","031","JAMBON CUIT ET EPAULE","001",""
"031002","031","SAUCISSE CUITE","002",""
"031003","031","PRODUIT COCKTAIL","003",""
"031004","031","SAUCISSON CUIT","004",""
"031005","031","PATE","005",""
"031006","031","RILLETTES","006",""
"031007","031","TRANCHE SEC,CRU,OU CUIT","007",""
"031008","031","SALAISON ET FUMAISON","008",""
"031009","031","CHARCUTERIE FRAICHE ET A.","009",""
"031010","031","CHARCUTERIE DE VOLAILLE","010",""
"031011","031","FOIE GRAS","011",""
"031012","031","PIECE PORC CUIT","012",""
"031013","031","SAINDOUX","013",""
"031014","031","CAVIAR","014",""
"031015","031","CHARCUTERIE ULTRA FRAIS","015",""
"031016","031","BOEUF CUIT","016",""
"032001","032","JAMBON SEC","001",""
"032002","032","SAUCISSON SEC PUR PORC","002",""
"032003","032","SAUCISSE SECHE PUR PORC","003",""
"032004","032","SAUCISSE, SAUCISSON MEL.","004",""
"032005","032","CHORIZO","005",""
"032006","032","VERRINE DE PATE","006",""
"032009","032","SAUCISSON DE BOEUF","009",""
"033001","033","PRODUIT COCKTAIL","001",""
"033002","033","POTAGE ET SOUPE","002",""
"033003","033","SALADE ET CRUDITE","003",""
"033004","033","PRODUITS ELABORES PANES","004",""
"033005","033","ENTREES","005",""
"033006","033","TARTE SALEE","006",""
"033007","033","CHARCUTERIE PATISSIERE","007",""
"033008","033","SNACK","008",""
"033009","033","QUENELLE","009",""
"033010","033","PATE FRAICHE","010",""
"033011","033","ROTIS","011",""
"033012","033","PLAT PREPARE","012",""
"033013","033","SAUCE","013",""
"033014","033","PATE MENAGERE","014",""
"033015","033","DESSERT","015",""
"033016","033","PANIFICATION","016",""
"033017","033","TRAITEUR ULTRA FRAIS","017",""
"033018","033","GARNITURE FRAICHE","018",""
"033019","033","BOULETTE DE VIANDE","019",""
"033020","033","BOUDINS","020",""
"033021","033","PLATS CUISINES ASIATIQUES","021",""
"034001","034","CHARCUTERIE HALLAL","001",""
"034002","034","CHARCUTERIE CASHER","002",""
"041001","041","SAUMON FUME","001",""
"041002","041","AUTRES POISSONS FUMES","002",""
"041003","041","POISSON SALE","003",""
"041004","041","POISSON SECHE","004",""
"042001","042","ANCHOIS","001",""
"042002","042","AUTRES POISSONS MARINES","002",""
"042003","042","CRUSTACES ET COQUILLAGES","003",""
"043001","043","OEUFS DE POISSONS","001",""
"043002","043","BEURRES","002",""
"043003","043","BLINIS","003",""
"043004","043","PATES DE POISSONS","004",""
"044001","044","SOUPE POISSONS","001",""
"044002","044","ACCOMPAGNEMENTS","002",""
"044003","044","SURIMI","003",""
"044004","044","SALADE DE LA MER","004",""
"044005","044","PLATS PREPARES","005",""
"044006","044","FILET DE POISSON","006",""
"080001","080","POTAGE SURGELE","001",""
"080002","080","PIZZA SURGELEE","002",""
"080003","080","QUICHES TARTES SURGELEES","003",""
"080004","080","CREPES SURGELEES","004",""
"080005","080","SNACKS SURGELES","005",""
"081001","081","POISSON CRU SURGELE","001",""
"081002","081","POISSON PANE SURGELE","002",""
"081003","081","SURIMI SURGELE","003",""
"081004","081","CRUSTACE COQUIL.MOLLUS.SU","004",""
"081005","081","ESCARGOT GRENOUILLE SURGELES","005",""
"081006","081","CUISINEE","006",""
"082001","082","VIANDE HACHEE SURGELEE","001",""
"082002","082","VIANDE ENTIERE PIECE CRUE","002",""
"082003","082","ABATS","003",""
"082004","082","GIBIER","004",""
"082005","082","VIANDES ELABOREES PANEES","005",""
"082006","082","PDTS SURGELES POUR ANIMAU","006",""
"083001","083","FRITES SURGELEES","001",""
"083002","083","POMMES NOISETTE","002",""
"083003","083","POMME RISSOLEE&SAUTEE SUR","003",""
"083004","083","AUTRES GARNITURES SURGELE","004",""
"084001","084","HARICOTS VERTS","001",""
"084002","084","EPINARDS","002",""
"084003","084","PETIT POIS","003",""
"084004","084","CHOUX","004",""
"084005","084","AUTRES LEGUMES NAT.SURGEL","005",""
"084006","084","MELANGE DE LEGUMES SURGEL","006",""
"084007","084","LEGUME CUISINE SURGELE","007",""
"084008","084","PUREE SURGELEE","008",""
"084009","084","CHAMPIGNON SURGELE","009",""
"085001","085","A BASE DE VIANDE","001",""
"085002","085","A BASE DE POISSON","002",""
"085003","085","A BASE DE PATE","003",""
"085004","085","EXOTIQUE","004",""
"085005","085","ALLEGES","005",""
"086001","086","PATISSERIE","001",""
"086002","086","PATES","002",""
"086003","086","VIENNOISERIE","003",""
"087001","087","FRUITS","001",""
"087002","087","JUS DE FRUITS","002",""
"087003","087","COULIS FRUIT","003",""
"088001","088","SAUCES","001",""
"088002","088","HERBES AROMATIQUES","002",""
"298001","298","SACS ISOTHERMES","001",""
"090001","090","CREME GLACEE","001",""
"090002","090","SORBET","002",""
"090003","090","TYPE HAAGEN DAZS","003",""
"091001","091","BATONNET CREME GLACEE","001",""
"091002","091","GLACE A L'EAU","002",""
"091003","091","CONE","003",""
"091004","091","POT","004",""
"091005","091","BARRE GLACEE","005",""
"091006","091","GLACE INDIVIDUELLE","006",""
"092001","092","COUPE","001",""
"092002","092","PORTION","002",""
"092003","092","SPECIALITE A PARTAGER","003",""
"300001","300","OUTILLAGE A MAIN","001",""
"300002","300","PETITE QUINCAILLERIE","002",""
"300009","300","SERRURERIE SECURITE","009",""
"300010","300","FICELLES ET CORDAGES","010",""
"300011","300","PETIT RANGEMENT OUTIL","011",""
"300012","300","MATERIEL","012",""
"301002","301","PRISE INTERRUPTEUR","002",""
"301003","301","FIL CABLE","003",""
"301004","301","FICHE","004",""
"301005","301","DOMOTIQUE","005",""
"302001","302","COLLES BRICO","001",""
"302002","302","ADJUVANTS","002",""
"302003","302","ISOLATION/CALFEUTRAGE","003",""
"302004","302","ETANCHEITE","004",""
"303001","303","ELECTRO PORTATIF","001",""
"303002","303","GROS OUTILLAGE","002",""
"303003","303","ACCESSOIRES ELCTRO PORTAT","003",""
"303004","303","SOUDURE","004",""
"304001","304","SALINES","001",""
"304002","304","ALCALINES","002",""
"304003","304","RECHARGEABLES","003",""
"304004","304","CHARGEURS","004",""
"304005","304","ECLAIRAGE PORTATIF","005",""
"343001","343","S.A.V","001",""
"366001","366","STANDARD","001",""
"366002","366","SPHERIQUE","002",""
"366003","366","FLAMME","003",""
"366004","366","AMPOULES TUBE","004",""
"366005","366","SPOTS","005",""
"366006","366","ECONOMIE D'ENERGIE","006",""
"366007","366","HALOGENE","007",""
"366008","366","FONCTIONNEL","008",""
"366009","366","GLOBES","009",""
"367001","367","ROBINETTERIE","001",""
"367002","367","OUTIL ET ACCESS.PLOMBERIE","002",""
"367003","367","TUYAU GAZET ACCESSOIRES","003",""
"368001","368","PULVERULENTS POUDRES","001",""
"368002","368","ACCESSOIRE ET OUTILLAGE","002",""
"369001","369","ADJUVANTS","001",""
"369002","369","OUTIL DU PEINTRE","002",""
"369003","369","PEINTURE FINITION","003",""
"369004","369","PEINTURE SPECIFIQUE","004",""
"369005","369","GROS BLANC","005",""
"369006","369","PEINTURE DECO","006",""
"369007","369","TRAITEMENT DU BOIS","007",""
"369008","369","PAPIER PEINT ADHESIF","008",""
"290001","290","SACS CLIENTELE (payants)","001",""
"306001","306","VASSES","001",""
"306002","306","CENDRIERS","002",""
"306003","306","AUTRES ARTICLES","003",""
"307001","307","DOSEURS","001",""
"307002","307","ACCESSOIRES","002",""
"308001","308","GANTS","001",""
"308002","308","RECIPIENTS MENAGERS","002",""
"308003","308","TEXTILE ENTRETIEN","003",""
"308004","308","BROSSERIES","004",""
"308005","308","ESSUIE PIEDS GRATTE PIEDS","005",""
"309001","309","CONTENANT CAFE ET DEJEUNE","001",""
"309002","309","CAFETIERES THEIERES BOUIL","002",""
"309003","309","SERVICES, ENSEMBLES","003",""
"310001","310","GOBELET","001",""
"310002","310","CHOPPES ET BOCKS","002",""
"310003","310","BROCS,CARAFES,PICHETS","003",""
"310004","310","COUPES A GLACES ET VERRES","004",""
"310005","310","VERRES A PIEDS","005",""
"310006","310","SERVICES VERRES","006",""
"310007","310","DEGUSTATION BAR ACCESSOIR","007",""
"311001","311","ASSIETTES","001",""
"311002","311","PLATERIE DE SERVICES","002",""
"311003","311","SALADIER LEGUMIER JATTE","003",""
"311004","311","COMPLEMENT VAISSELLE","004",""
"311005","311","SERVICES ET ENSEMBLES","005",""
"311006","311","VERRERIE MECANIQUE VERRE","006",""
"311007","311","BOCAUX FANTAISIE ET VERRE","007",""
"312001","312","COUVERTS DE TABLE","001",""
"312002","312","PLATERIE INOX INDIVIDUELL","002",""
"312003","312","ENS.COMPOSITION PLATERIE","003",""
"313001","313","PETITS USTENSILES CUISINE","001",""
"313002","313","CISEAUX","002",""
"313003","313","PENDERIES CUISINE","003",""
"313004","313","COUTELLERIE","004",""
"313005","313","BOISSELERIE ART.ASSIMILES","005",""
"313006","313","BOITES HUCHES PAIN","006",""
"313007","313","OUTILLAGE DOMESTIQUE","007",""
"313008","313","GADGETS","008",""
"313009","313","ACC.PREPARATION PATISSERI","009",""
"314001","314","RANGEMENT MAISON PLASTIQ","001",""
"314002","314","RANGEMENT MAISON FIL","002",""
"314003","314","POUSSETTES SACS PROVISION","003",""
"314004","314","POUBELLES","004",""
"314005","314","RANGEMENT BOUTEILLES","005",""
"314006","314","MISE EN BOUTEILLE","006",""
"314007","314","MISE EN BOCAUX","007",""
"315001","315","RECIPIENTS ISOTHERMES","001",""
"315002","315","BOITES HERMETHIQUES","002",""
"315003","315","ARTICLES DE TABLE PLASTIQ","003",""
"315004","315","ARTICLES D'EVIER PLASTIQ","004",""
"315005","315","PLATEAUX TS MATERIAUX","005",""
"315006","315","SETS DE TABLE","006",""
"315007","315","NAPPAGE PROTEGE TABLE","007",""
"316001","316","ASSIETTES","001",""
"316005","316","COUVERTS","005",""
"316006","316","GOBELETS","006",""
"316007","316","SERVIETTES","007",""
"316008","316","NAPPES","008",""
"317001","317","COFFRE PANIER LINGES","001",""
"317002","317","SECHOIR PINCES LINGE","002",""
"317003","317","TABLE A REPASSER ET HOUSS","003",""
"317004","317","CINTRES","004",""
"317005","317","RANGEMENT PENDERIE","005",""
"318001","318","POELES CREPIERES","001",""
"318002","318","SAUTEUSES","002",""
"318003","318","COUVERCLES CACHES PLAQUE","003",""
"318004","318","GRILLE CROQUE GAUFRIER","004",""
"318005","318","CASSEROLES","005",""
"318006","318","FAITOUTS MARMITES COCOTTE","006",""
"318007","318","PRODUITS SPECIFIQUES CUIS","007",""
"318008","318","FRITEUSES","008",""
"318009","318","SERVICE FONDUE & ACCESSOI","009",""
"318010","318","AUTOCUISEURS & ACCESSOIRE","010",""
"319001","319","PLATS & ART.DE CONGELATIO","001",""
"319002","319","PLATS ET ART.MICRO ONDES","002",""
"319003","319","PLAT Et ART.DE FOUR","003",""
"319004","319","MOULERIE","004",""
"397001","397","BOUGIES","001",""
"397002","397","ARTICLES SENTEURS","002",""
"398001","398","TABLE EN FETE","001",""
"321001","321","ENVELOPPES","001",""
"321002","321","BLOCS","002",""
"321003","321","ENSEMBLES","003",""
"321004","321","CARTES VISITE + ENVELOP","004",""
"322001","322","ECRITURE CRAYON","001",""
"322002","322","ECRITURE ENCRE","002",""
"322003","322","ECRITURE EFFACAGE","003",""
"322004","322","DESSIN","004",""
"323001","323","CAHIER 17X22","001",""
"323002","323","CAHIER 21X29,7","002",""
"323003","323","CAHIER 24X32","003",""
"323004","323","TRAVAUX PRATIQUES 17X22","004",""
"323005","323","TRAVAUX PRATIQUES 21X29.7","005",""
"323006","323","TRAVAUX PRATIQUES 24X32","006",""
"323007","323","CAHIER MUSIQUE","007",""
"323008","323","BUVARDS","008",""
"323011","323","TEXTE","011",""
"323012","323","AGENDA SCOLAIRE","012",""
"324001","324","COPIES DOUBLES 17X22","001",""
"324002","324","COPIES DOUBLES 21X29.7","002",""
"325001","325","FEUILLES MOBILES 17X22","001",""
"325002","325","FEUILLES MOBILES 21X29.7","002",""
"325003","325","FEUILLES MOBILES 24x32","003",""
"326001","326","CARNETS","001",""
"326002","326","REPERTOIRES","002",""
"326003","326","ADMINISTRATIF REPROGRAPHI","003",""
"326004","326","ADMINISTRATIFS BLOCS","004",""
"326005","326","ADMINISTRATIF/BRISTOL","005",""
"326006","326","ADMINISTRATIF AGENDAS FIN","006",""
"326007","326","ADMINISTRATIF/CALENDRIER","007",""
"327001","327","CAHIER DESSIN","001",""
"327002","327","BLOCS","002",""
"327003","327","POCHETTE DESSIN","003",""
"327004","327","FEUILLES DESSIN","004",""
"327005","327","CREPON","005",""
"327006","327","LOISIRS CREATIFS","006",""
"328001","328","PEINTURE SCOLAIRE","001",""
"328002","328","BEAUX ARTS","002",""
"328003","328","COLLE/ADHESIF/ETIQUETTE","003",""
"328005","328","MESURE","005",""
"328006","328","ACCESSOIRES PAPETERIE","006",""
"329001","329","CLASSEMENT","001",""
"329002","329","ACCESS.BUREAU","002",""
"336001","336","CARTERIE","001",""
"336002","336","PAPIER CADEAU","002",""
"336003","336","BOLDUCS","003",""
"340001","340","PAPETERIE SPECIALISEE","001",""
"340002","340","SIGNALISATION","002",""
"340003","340","MATERIEL DE BUREAU","003",""
"344001","344","ECRITURE","001",""
"344002","344","PEPETERIE","002",""
"344003","344","PETIT MATERIEL DE BUREAU","003",""
"344004","344","CLASSEMENT/RANGEMENT","004",""
"344005","344","MATERIEL LOURD","005",""
"344006","344","PRESENTATION/REUNION","006",""
"344007","344","MATERIEL DIVERS","007",""
"399001","399","PRODUITS DE LA POSTE","001",""
"320001","320","ROMANS BEST SELLERS","001",""
"320002","320","POLICIER FICTION SUSPENS","002",""
"320003","320","SCIENCE FICTION","003",""
"320004","320","CLASSIQUE","004",""
"320005","320","TEMOIGNAGE DOC.ACTUALITE","005",""
"320006","320","SENTIMENTAL","006",""
"320007","320","EROTISME","007",""
"320008","320","ESOTERISME","008",""
"330001","330","PRESSE","001",""
"331001","331","ROMANS BEST SELLER","001",""
"331002","331","POLICIER FICTIONS SUSPENS","002",""
"331003","331","SCIENCES FICTION","003",""
"331004","331","CLASSIQUE","004",""
"331005","331","TEMOIGNAGE DOC.ACTUALITE","005",""
"331006","331","SENTIMENTAL","006",""
"331007","331","EROTISME","007",""
"331008","331","HUMOUR","008",""
"332001","332","BRICOLAGE JARDINAGE","001",""
"332002","332","NATURE","002",""
"332003","332","CUISINE VINS","003",""
"332004","332","MADECINE SANTE","004",""
"332005","332","SOCIAL","005",""
"332006","332","ESOTERISME","006",""
"332007","332","LOISIRS","007",""
"332008","332","HISTOIRE GEOGRAPHIE","008",""
"333001","333","IMAGERIE EDUCATIF","001",""
"333002","333","BANDES DESSINEES","002",""
"334001","334","LIVRES JEUX","001",""
"334002","334","ROMANS RECITS","002",""
"334003","334","EDUCATIF","003",""
"334004","334","BANDES DESSINEES","004",""
"335001","335","DICTIONNAIRES","001",""
"335002","335","PARASCOLAIRES","002",""
"345004","345","MOBILIER RESINE","004",""
"345005","345","MOBILIER TUBE ET BOIS","005",""
"345006","345","PARASOLS","006",""
"345007","345","COUSSINS","007",""
"345008","345","BARBECUES","008",""
"345009","345","CHARBON DE BOIS","009",""
"347001","347","PLANTES HAIES","001",""
"347002","347","ARBRES D'ORNEMENT","002",""
"347003","347","ARBUSTES DE ROCAILLES","003",""
"347004","347","PLANTES DE TERRE DE BRUYE","004",""
"347005","347","ROSIERS","005",""
"347006","347","ARBUSTES A FLEURS","006",""
"347007","347","PLANTES GRIMPANTES","007",""
"347008","347","FRUITIERS","008",""
"347009","347","PLANTES AQUATIQUES","009",""
"348001","348","SEMENCES","001",""
"348002","348","GAZONS","002",""
"348003","348","BULBES A FLEURS PRINTEMPS","003",""
"348004","348","BULBES A FLEURS AUTOMNE","004",""
"348005","348","PLANTS DE PO DE TER ART H","005",""
"348006","348","PLANTS DE LEGUMES","006",""
"348007","348","PLANTES A MASSIF","007",""
"349001","349","FLEURS SECHEES","001",""
"349002","349","PLANTES & FLEURS ARTIFICI","002",""
"349003","349","DIVERS DECORATION","003",""
"350101","350","RETOUNER AMEUBLIR","101",""
"350102","350","TERRASSEMENT","102",""
"350103","350","DEFRICHER BUTTER","103",""
"350104","350","NETTOYER RATISSER","104",""
"350105","350","OUTILLAGE A FLEURS","105",""
"350106","350","COUPANT","106",""
"350107","350","MANCHES","107",""
"350108","350","GANTS","108",""
"350109","350","BROUETTES","109",""
"351001","351","CACHE POTS","001",""
"351002","351","BACS RESERVE D'EAU","002",""
"351003","351","TERRE CUITE","003",""
"351004","351","PIERRE RECONSTITUE&DIVERS","004",""
"351005","351","PLASTIQUE EXTERIEUR","005",""
"351007","351","SOUCOUPES ET PLATEAUX","007",""
"351008","351","SUPPORT POT ET BALCONNIER","008",""
"351009","351","SUJETS DE JARDINS","009",""
"352001","352","TONDEUSES","001",""
"352003","352","MOTOCULTURE","003",""
"352004","352","TAIILE HAIE","004",""
"352005","352","COUPE BORDURES","005",""
"352006","352","DEBROUSSAILLEUSES","006",""
"352007","352","TRONCONNEUSES","007",""
"352008","352","SCARIFICATEUR ET ACC.","008",""
"352009","352","BROYEURS","009",""
"353001","353","TUYAUX","001",""
"353002","353","BATTERIE","002",""
"353003","353","ARROSEURS","003",""
"353004","353","GOUTTE A GOUTTE","004",""
"353005","353","ENTERRE","005",""
"353006","353","ACCESSOIRE ARROSAGE","006",""
"353007","353","ENROULEURS","007",""
"353008","353","ARROSOIRS","008",""
"353009","353","PULVERISATEURS","009",""
"353010","353","VIDE CAVE","010",""
"353011","353","POMPES D'ARROSAGE","011",""
"353012","353","POMPES DECORATION","012",""
"354001","354","CLOTURES","001",""
"354002","354","PROTECTIONS","002",""
"354003","354","TUTEURS ET LIENS","003",""
"354004","354","ABRI JARDIN PERCOLA","004",""
"356001","356","SUPPORTS DE CULTURE","001",""
"356003","356","ENGRAIS","003",""
"356004","356","PHYTOSANITAIRE","004",""
"356005","356","DESHERBANTS","005",""
"356006","356","PRODTS POUR PLANTE MAISON","006",""
"356008","356","ANTI NUISIBLES","008",""
"357001","357","OISELLERIE","001",""
"357002","357","RONGEURS","002",""
"357003","357","AQUARIOPHILIE","003",""
"357004","357","CHATS","004",""
"357005","357","CHIENS","005",""
"357006","357","LITIERES CHAT","006",""
"357007","357","BASSE COUR","007",""
"358001","358","S.A.V. JARDINERIE","001",""
"384001","384","TENTES ET ACCESSOIRES","001",""
"384002","384","CUISSON ET ECLAIRAGE","002",""
"384003","384","FROID","003",""
"384004","384","ACCESSOIRES ALIMENTAIRES","004",""
"384005","384","MOBILIER DE CAMPING","005",""
"384006","384","COUCHAGE","006",""
"384007","384","REMORQUES","007",""
"305001","305","PENDULES","001",""
"305002","305","REVEILS","002",""
"359001","359","GUIRLANDES","001",""
"359002","359","BOULES ARTICLES A SUSPEND","002",""
"359003","359","DECORS","003",""
"359004","359","CRECHES","004",""
"359005","359","SAPINS","005",""
"359006","359","ACCESSOIRES","006",""
"361001","361","REVETEMENT MUR ET SOL","001",""
"361002","361","TRINGLERIE FENETRE","002",""
"362001","362","LAMPES DE CHEVET","001",""
"362002","362","LAMPES DE BUREAU","002",""
"362003","362","ABATS JOUR","003",""
"362004","362","LUMINAIRE JARDIN","004",""
"362005","362","LUSTRES","005",""
"362006","362","LANTERNES ET SUSPENSION","006",""
"362007","362","APPLIQUES/PLAFONNIER/HUBL","007",""
"362008","362","LAMPADAIRE ET LAMPES SOL","008",""
"362009","362","LAMPES DE SALON","009",""
"362010","362","PIEDS ET ACCESSOIRES","010",""
"362011","362","PLAFONNIER SPOT","011",""
"362012","362","LAMPE STUDIO","012",""
"363001","363","SIEGES","001",""
"363002","363","MEUBLE HIFI","002",""
"363003","363","MEUBLE BUREAU","003",""
"363004","363","TABLES","004",""
"363005","363","RANGEMENT","005",""
"363006","363","KIT ETAGER.TRETEAU.ECHEL.","006",""
"363007","363","LITERIE","007",""
"363008","363","RANGEMENT PROFESSIONNEL","008",""
"364002","364","ACCESSOIRE WC","002",""
"364004","364","ACCESSOIRES SALLE DE BAIN","004",""
"364005","364","HYDROTHERAPIE","005",""
"364006","364","ARMOIRE TOILETTE PHARMACI","006",""
"364007","364","SATURATEURS ET ACCESSOIRE","007",""
"364008","364","PESE PERSONNE","008",""
"365001","365","ACCESSOIRES SANITAIRES","001",""
"395001","395","MOBILIER ROTIN","001",""
"395002","395","MOBILIER BOIS","002",""
"395003","395","MOBILIER METAL/METALLOPLA","003",""
"395004","395","MOBILIER METALLOBOIS","004",""
"370001","370","SON","001",""
"370002","370","PROTECTION HABITACLE","002",""
"370003","370","CONFORT INTERIEUR","003",""
"370004","370","CB","004",""
"371001","371","PORTAGE","001",""
"371002","371","TECHNIQUE DECO","002",""
"372001","372","FILTRATION","001",""
"372002","372","FREINAGE","002",""
"372003","372","OUTILLAGE","003",""
"372004","372","ELECTRICITE","004",""
"372005","372","PNEUMATIQUE","005",""
"372006","372","Balai essuie glace","006",""
"373001","373","ESSENCE","001",""
"373002","373","DIESEL","002",""
"373003","373","SPECIALITE","003",""
"374101","374","LAVAGE","101",""
"374102","374","ACCESSOIRES LAVAGE","102",""
"374103","374","FONCTIONNEMENT","103",""
"374104","374","DEPANNAGE SECURITE","104",""
"374105","374","CARROSSERIE","105",""
"933001","933","NETTOYANT","001",""
"933002","933","REPARATION","002",""
"933003","933","ADDITIFS SPECIFIQUES","003",""
"933004","933","LUBRIFIANTS","004",""
"933005","933","ELECTRICITE","005",""
"933006","933","ECLAIRAGE","006",""
"933007","933","OUTILLAGE","007",""
"933008","933","FILTRATION","008",""
"933009","933","FREINAGE","009",""
"933010","933","PNEUMATIQUE","010",""
"933011","933","ECHAPPEMENT","011",""
"934001","934","SECURITE","001",""
"934002","934","PROTECTION HIVER","002",""
"934003","934","ACCESSOIRES ROUTE","003",""
"934004","934","BAGAGERIE","004",""
"935001","935","CASQUE","001",""
"935002","935","VETEMENT PLUIE","002",""
"935003","935","VETEMENT CUIR","003",""
"935004","935","VETEMENT SYNTHETIQUE","004",""
"935005","935","GANTS","005",""
"935006","935","CAGOULES","006",""
"935007","935","CEINTURE LOMBAIRE","007",""
"380002","380","PELUCHE","002",""
"380003","380","EDUCATIFS","003",""
"380004","380","PORTEURS TRICYCLES","004",""
"381001","381","POUPONS _ POUPEES","001",""
"381002","381","ACCESS.POUPONS _ POUPEES","002",""
"381003","381","IMITATION","003",""
"381004","381","POUPEES MANEQUIN UNIVERS","004",""
"382001","382","AUTOS ET CAMIONS","001",""
"382002","382","PISTE ET GARAGE","002",""
"382003","382","CONSTRUCTIONS ET ACCESSOI","003",""
"382004","382","CIRCUITS","004",""
"382005","382","IMITATION","005",""
"382006","382","FIGURINES","006",""
"383101","383","UNIVERS A CONSTRUIRE","101",""
"383102","383","EDUCATIF ARTISTIQUE","102",""
"383103","383","JEUX DE SOCIETE","103",""
"383104","383","AUDIO/VISUEL","104",""
"383105","383","BABY FOOT ET BILLARD","105",""
"383106","383","PORTEURS","106",""
"385101","385","JARDIN","101",""
"385102","385","JEUX SPORTIFS","102",""
"385103","385","JEUX DE PLAGE","103",""
"385104","385","GONFLABES","104",""
"385105","385","PISCINES","105",""
"393001","393","CARNAVAL HOLLOWEEN","001",""
"393002","393","FEUX D'ARTIFICE","002",""
"393003","393","FIN D'ANNEE","003",""
"393004","393","DECORATION","004",""
"337001","337","CONTENANT METAL","001",""
"337002","337","VALISES","002",""
"337003","337","VANAITY CASES","003",""
"337004","337","SACS A DOS","004",""
"337005","337","SACS FONCTIONNELS","005",""
"337006","337","LOTS BAGAGES","006",""
"337008","337","CONTENANTS AFFAIRES","008",""
"337009","337","ACCESSOIRES","009",""
"338001","338","FOURRE TOUT","001",""
"338002","338","SAC MATERNELLE","002",""
"338003","338","CARTABLES","003",""
"338009","338","SACS A DOS","009",""
"386001","386","BALLONS","001",""
"386002","386","RECOMPENSES SPORTIVES","002",""
"387001","387","ALPINISME","001",""
"387002","387","ARCHERIE","002",""
"387003","387","BADMINGTON","003",""
"387004","387","BASE BALL","004",""
"387005","387","BOOM / CERVOLANTS","005",""
"387006","387","CIBLERIE","006",""
"387007","387","GOLF","007",""
"387008","387","PATINS","008",""
"387009","387","PETANQUE","009",""
"387010","387","PORTIQUES","010",""
"387011","387","RANDONNEE","011",""
"387012","387","ROLLERS","012",""
"387013","387","SKATE","013",""
"387014","387","SQUASH","014",""
"387015","387","TENNIS","015",""
"387016","387","TENNIS DE TABLE","016",""
"387017","387","TOBOGGAN","017",""
"389001","389","BOXE","001",""
"389002","389","DANSE","002",""
"389003","389","JUDO / KARATE...","003",""
"389004","389","MUSCULATION","004",""
"390001","390","ACCASTILLAGE","001",""
"390002","390","PLANCHE A VOILE","002",""
"390003","390","ACCESSOIRES DE PLONGEE SS","003",""
"390004","390","VETEMENTS DE PLONGEE","004",""
"390005","390","SURF","005",""
"390006","390","EQUIPEMENT DU NAGEUR","006",""
"391001","391","CANNES","001",""
"391002","391","PANOPLIES","002",""
"391003","391","MOULINETS","003",""
"391004","391","REPOSE CANNE","004",""
"391005","391","EPUISETTES","005",""
"391006","391","GAFFES","006",""
"391007","391","FOENES","007",""
"391008","391","BOURRICHE","008",""
"391009","391","BOITES","009",""
"391010","391","PANIERS","010",""
"391011","391","SCEAU","011",""
"391012","391","APPATS","012",""
"391013","391","FIL","013",""
"391014","391","HAMECON MONTE","014",""
"391015","391","HAMECONS","015",""
"391016","391","AVANCONS","016",""
"391017","391","EMERILLONS","017",""
"391018","391","FLOTTEURS","018",""
"391019","391","LIGNES MONTEES","019",""
"391020","391","BAS DE LIGNE","020",""
"391021","391","LEURRES","021",""
"391022","391","PLOMBS","022",""
"391023","391","ARTICLES DIVERS","023",""
"392001","392","S.A.V.LOISIR","001",""
"375001","375","250MM 10","001",""
"375002","375","300MM 12","002",""
"375003","375","350MM 14","003",""
"375004","375","400MM 16","004",""
"375005","375","500MM 20","005",""
"375006","375","550MM","006",""
"375007","375","600MM 24","007",""
"376001","376","TOURISME DAME","001",""
"376002","376","COURSE DAME","002",""
"376003","376","TOUT TERRAIN DAME","003",""
"377001","377","TOURISME","001",""
"377002","377","COURSE","002",""
"377003","377","TOUT TERRAIN","003",""
"378001","378","REPARATION","001",""
"378002","378","TRANSMISSION","002",""
"378003","378","SECURITE","003",""
"378004","378","EQUIPEMENT","004",""
"378005","378","ROUES","005",""
"379001","379","S.A.V. AUTO VELO","001",""
"700001","700","COUVERTURE","001",""
"701001","701","COUVRE LIT","001",""
"702001","702","plateau","001",""
"702002","702","housse","002",""
"702003","702","renove matelas/sommier","003",""
"702004","702","protege taie","004",""
"703001","703","couette","001",""
"703002","703","edredon","002",""
"704001","704","oreiller","001",""
"704002","704","traversin","002",""
"704003","704","coussins","003",""
"705001","705","DRAP PLAT","001",""
"705002","705","DRAP HOUSSE","002",""
"705003","705","TAIES OREILLER /TRAVERSIN","003",""
"705004","705","PARURE DE DRAP","004",""
"705005","705","COORDONNE DRAP/D HOUSSE/T","005",""
"706001","706","HOUSSE DE COUETTE/TAIE CO","001",""
"706002","706","PARURE HOUSSE DE COUETTE","002",""
"707001","707","serviette de toilette","001",""
"707002","707","gant de toilette","002",""
"707003","707","drap de bain","003",""
"707004","707","coffret ensembles eponges","004",""
"707005","707","COORDONNE SERVI.GANT.DR.B","005",""
"708001","708","peignoir bain enfant","001",""
"708002","708","peignoir bain adulte","002",""
"709001","709","drap de plage","001",""
"710001","710","tapis de bain","001",""
"710002","710","contour rabat","002",""
"710003","710","tapis + contour","003",""
"711001","711","coordonne nappe et servie","001",""
"711002","711","serviette de table","002",""
"711003","711","accessoires table nappero","003",""
"712001","712","torchons et essuie verre","001",""
"712002","712","essuie tout","002",""
"712003","712","accessoires d'office","003",""
"712004","712","tabliers et blouses","004",""
"713001","713","rideaux bonne femme","001",""
"713002","713","paire droite","002",""
"713003","713","brise bise","003",""
"713004","713","panneau","004",""
"713005","713","double rideaux","005",""
"714001","714","mouchoirs enfant","001",""
"714002","714","mouchoirs femme","002",""
"714003","714","mouchoirs homme","003",""
"715001","715","mercerie","001",""
"716001","716","AMEUBLEMENT","001",""
"400001","400","PALETOT PARKA","001",""
"400002","400","BLOUSON","002",""
"400003","400","COMBINAISON PILOTE","003",""
"402001","402","SALOPETTE","001",""
"402002","402","PANTALON","002",""
"404001","404","FILLE","001",""
"404002","404","GARCON","002",""
"406001","406","BARBOTTEUSE","001",""
"406002","406","COMBINAISON","002",""
"408001","408","ENSEMBLE PANTALON SHORT","001",""
"408002","408","ENSEMBLE ROBE JUPE","002",""
"410001","410","SANS MANCHE","001",""
"410002","410","MANCHES COURTES","002",""
"410003","410","MANCHES LONGUES","003",""
"412001","412","PALETOT MANTEAUX","001",""
"412002","412","COMBINA/GRENOUILLERE/ROBE","002",""
"412003","412","BRASSIERE CULOTTE HUBLOT","003",""
"412004","412","ACCESSOIRES","004",""
"413001","413","PULL","001",""
"413002","413","GILET/CARDIGAN","002",""
"413003","413","SOUS PULL","003",""
"415001","415","SWEAT","001",""
"415002","415","GILET / CARDIGAN","002",""
"415003","415","PANTALON","003",""
"416001","416","TEE SHIRT","001",""
"416002","416","POLO","002",""
"417001","417","ENSEMBLE JOGGING","001",""
"417002","417","ENSEMBLE PLAGE","002",""
"417003","417","BAIN","003",""
"419001","419","PYJAMA/SURPYJAMA","001",""
"419002","419","DORS BIEN","002",""
"550001","550","MANTEAU","001",""
"550002","550","IMPERMEABLE COUPE VENT","002",""
"550003","550","BLOUSON PARKA VESTE","003",""
"551001","551","AVEC PANTALON","001",""
"551002","551","AVEC SHORT/CORSAIRE/CICLY","002",""
"551003","551","AVEC ROBE","003",""
"551004","551","AVEC JUPE","004",""
"552001","552","PANTALON","001",""
"552002","552","CALECON FUSEAU","002",""
"552003","552","BERMUDA CORSAIRE","003",""
"552004","552","SHORT CYCLISTE","004",""
"552005","552","SALOPETTE COMBINAISON","005",""
"553001","553","SANS MANCHE","001",""
"553002","553","MANCHES COURTES","002",""
"553003","553","MANCHES LONGUES","003",""
"554001","554","UNIE","001",""
"554002","554","FANTAISIE","002",""
"555001","555","SANS MANCHE","001",""
"555002","555","MANCHES COURTES","002",""
"555003","555","MANCHES LONGUES","003",""
"556001","556","PULL","001",""
"556002","556","CARDIGAN GILET","002",""
"557001","557","SWEAT","001",""
"557002","557","CARDIGAN GILET","002",""
"558001","558","SANS MANCHE","001",""
"558002","558","MANCHES COURTES","002",""
"558003","558","MANCHES LONGUES","003",""
"558004","558","POLO MANCHE COURTE BODY","004",""
"558005","558","POLO MANCHE LONGUE BODY","005",""
"559001","559","1 PIECE","001",""
"559002","559","2 PIECES","002",""
"560001","560","LIQUETTE","001",""
"560002","560","COMBINAISON","002",""
"560003","560","PYJAMA","003",""
"560004","560","ROBE CHAMBRE","004",""
"560005","560","VETEMENT D'INTERIEUR","005",""
"561001","561","MANTEAU","001",""
"561002","561","IMPERMEABLE COUPE VENT","002",""
"561003","561","BLOUSON PARKA VESTE","003",""
"562001","562","AVEC PANTALON SALOPETTE","001",""
"562002","562","AVEC SHORT BERMUDA","002",""
"563001","563","DENIM","001",""
"563002","563","DRILL/NATTE/SURTEINT","002",""
"564001","564","PANTALONS","001",""
"564002","564","BERMUDA","002",""
"564003","564","SHORT","003",""
"564004","564","SALOPETTE","004",""
"565001","565","MANCHES COURTES","001",""
"565002","565","MANCHES LONGUES","002",""
"566001","566","PULL","001",""
"566002","566","GILET","002",""
"567001","567","SWEAT","001",""
"567002","567","GILET","002",""
"568001","568","SANS MANCHE","001",""
"568002","568","MANCHES COURTES","002",""
"568003","568","MANCHES LONGUES","003",""
"568004","568","POLO MANCHES COURTES","004",""
"568005","568","POLO MANCHES LONGUES","005",""
"569001","569","SLIP","001",""
"569002","569","BOXER/SHORT BAIN","002",""
"570001","570","PANTALON","001",""
"570002","570","ENSEMBLES JOGGING","002",""
"570003","570","SEPARABLES","003",""
"570005","570","SKI","005",""
"570006","570","AUTRES SPORTS SPECIFIQUES","006",""
"571001","571","PYJAMA","001",""
"571002","571","ROBE CHAMBRE","002",""
"571003","571","VETEMENT D'INTERIEUR","003",""
"572001","572","BLOUSE / TABLIER","001",""
"573001","573","FILLE","001",""
"573002","573","GARCON / MIXTE","002",""
"485001","485","MANTEAU","001",""
"485002","485","VETEMENT DE PLUIE","002",""
"485003","485","PARKA BLOUSON","003",""
"485004","485","VESTES","004",""
"487001","487","CUIR","001",""
"487002","487","IMITATION FOURRURE","002",""
"488001","488","SHORT","001",""
"488002","488","BERMUDA","002",""
"488003","488","ENSEMBLES","003",""
"490001","490","DENIM","001",""
"490002","490","DRILL/NATTE/SURTEINT","002",""
"492001","492","VELOURS","001",""
"492002","492","5 POCHES TOUTES MATIERES","002",""
"492003","492","AUTRES FORMES","003",""
"492004","492","CALECON FUSEAU","004",""
"492005","492","COMBINAISON SALOPETTE","005",""
"492006","492","ENSEMBLES","006",""
"494001","494","JUPES DROITES","001",""
"494002","494","JUPES PLISSEES","002",""
"494003","494","JUPES AMPLES","003",""
"494004","494","AUTRES JUPES","004",""
"494005","494","ENSEMBLE","005",""
"496001","496","SANS MANCHES","001",""
"496002","496","MANCHES COURTES","002",""
"496003","496","MANCHES LONGUES","003",""
"498001","498","SANS MANCHES","001",""
"498002","498","MANCHES COURTES","002",""
"498003","498","MANCHES LONGUES","003",""
"500001","500","PULL SANS MANCHES + MC","001",""
"500002","500","PULL ML RAS DE COU/MONTAN","002",""
"500003","500","PULL ML COL ROULE","003",""
"500004","500","PULL ML AUTRES COLS","004",""
"500005","500","CARDIGANS GILETS","005",""
"500006","500","ENSEMBLES TRICOTS","006",""
"502001","502","CARACO DEBARDEUR","001",""
"502002","502","TEE SHIRT SM","002",""
"502003","502","TEE SHIRT MC","003",""
"502004","502","TEE SHIRT ML","004",""
"502005","502","ENSEMBLE PLAGE","005",""
"502006","502","BODY","006",""
"502007","502","POLO","007",""
"504001","504","SWEAT","001",""
"504002","504","CARDIGAN GILET","002",""
"504003","504","PANTALON","003",""
"504004","504","JUPE","004",""
"504005","504","ENSEMBLES","005",""
"506001","506","PANTALON JOGGING","001",""
"506002","506","JOGGING SURVETEMENT","002",""
"506003","506","SHORT","003",""
"506004","506","SPORT SPECIFIQUE","004",""
"506005","506","SKI","005",""
"509001","509","CHEMISE DE NUIT LONGUE","001",""
"509002","509","CHEMISE DE NUIT COURTE","002",""
"509003","509","PYJAMA","003",""
"509004","509","COMBINAISON","004",""
"509005","509","CALECON","005",""
"509006","509","PEIGNOIRS ROBE DE CHAMBRE","006",""
"509007","509","VETEMENT INTERIEUR","007",""
"511001","511","VETEMENTS A MANCHES","001",""
"511003","511","PANTALONS","003",""
"511004","511","JUPES","004",""
"511005","511","ROBES","005",""
"511006","511","CHEMISIERS","006",""
"511007","511","TRICOTAGE","007",""
"511008","511","TEE SHIRT","008",""
"511009","511","SWEATERIE","009",""
"511010","511","FUTURE MAMAN","010",""
"516001","516","MANTEAUX IMPER","001",""
"516002","516","COUPE VENT","002",""
"516003","516","BLOUSON","003",""
"516004","516","ANORAK","004",""
"516005","516","PARKA","005",""
"516006","516","VESTE BLAZER","006",""
"516007","516","ENSEMBLE CONFECTION","007",""
"518001","518","VESTE","001",""
"518002","518","BLOUSON","002",""
"518003","518","PANTALON","003",""
"518004","518","PARKA","004",""
"519001","519","DENIM","001",""
"519002","519","DRILL/NATTE/SURTEINT","002",""
"521001","521","VELOURS","001",""
"521002","521","TOILE","002",""
"521003","521","DRAP UNI FANTAISIE","003",""
"521004","521","COMBINAISON SALOPETTE","004",""
"521005","521","BERMUDA","005",""
"521006","521","SHORT","006",""
"523001","523","CHEMISE MC VILLE","001",""
"523002","523","CHEMISE MC DETENTE","002",""
"523003","523","CHEMISES ML VILLE","003",""
"523004","523","CHEMISE ML DETENTE","004",""
"525001","525","DEBARDEUR","001",""
"525002","525","PULL ML","002",""
"525003","525","GILET TRICOTE ML","003",""
"527001","527","SWEAT SHIRT ML ET MC","001",""
"527002","527","GILET SWEAT","002",""
"529001","529","DEBARDEUR","001",""
"529002","529","TEE SHIRT SANS MANCHES","002",""
"529003","529","TEE SHIRT MANCHES COURTES","003",""
"529004","529","TEE SHIRT MANCHES LONGUES","004",""
"529005","529","POLO MC","005",""
"529006","529","POLO ML","006",""
"529007","529","ENSEMBLE PLAGE","007",""
"531001","531","PANTALON JOGGING","001",""
"531002","531","SEPARABLE","002",""
"531003","531","SURVETEMENT","003",""
"531004","531","SHORT","004",""
"531005","531","SPORT SPECIFIQUE","005",""
"531006","531","SKI","006",""
"533001","533","MAILLOT DE BAIN UNI","001",""
"533002","533","MAILLOT DE BAIN FANTAISIE","002",""
"533003","533","BOXER SHORT","003",""
"533004","533","SURFER BERMUDA","004",""
"534001","534","ROBE DE CHAMBRE","001",""
"534002","534","PYJAMA CHAINE ET TRAME","002",""
"534003","534","PYJAMA JERSEY","003",""
"534004","534","COMBINAISON","004",""
"536001","536","BLOUSE","001",""
"536002","536","VESTE","002",""
"536003","536","PANTALON","003",""
"536004","536","COTTES A BRETELLES","004",""
"536005","536","COMBINAISON","005",""
"537001","537","CHASSE","001",""
"537002","537","PECHE","002",""
"721001","721","BIBERONS","001",""
"721002","721","TETINES / SUCETTES","002",""
"721003","721","ACCESSOIRES REPAS","003",""
"721004","721","BAVOIRS","004",""
"721005","721","VAISSELLE","005",""
"721006","721","ACCESSOIRES ELECTRIQUES","006",""
"722001","722","ACCESSOIRES TOILETTES","001",""
"722002","722","SORTIE DE BAIN","002",""
"722003","722","COUCHES / CULOTTES","003",""
"722004","722","ACCESSOIRES MEDICAUX","004",""
"722005","722","ACCESSOIRES MAMAN ALLAITE","005",""
"723001","723","ACCESSOIRE SECURITE PREVE","001",""
"724001","724","ACCESSOIRES DE MOBILIER","001",""
"724002","724","ACCESSOIRES WC","002",""
"724003","724","ACCESSOIRES DE CHAMBRES","003",""
"725001","725","VANITY / SAC","001",""
"725002","725","ACCESSOIRES POUSSETTES","002",""
"725003","725","PORTE BEBE","003",""
"725004","725","COUFFIN","004",""
"725005","725","CHAUSSONS","005",""
"726001","726","OREILLERS","001",""
"726002","726","MATELAS","002",""
"726003","726","ENTOURAGE DE LIT","003",""
"726004","726","DOUILLETTE / TURBULETTE","004",""
"726005","726","COUETTE","005",""
"726006","726","COUVERTURE","006",""
"726007","726","LINGE DE LIT","007",""
"726008","726","ALEZE/PROTEGE MATELAS","008",""
"726009","726","PARURES","009",""
"727001","727","JOUETS","001",""
"727002","727","PORTIQUES / MOBILES","002",""
"727003","727","PELUCHES","003",""
"728001","728","LITS","001",""
"728002","728","CHAISES","002",""
"728003","728","PARCS","003",""
"728004","728","SIEGES","004",""
"728005","728","MEUBLES A LANGER","005",""
"728006","728","SUPPORTS COUFFIN","006",""
"729001","729","POUSSETTES","001",""
"729002","729","COMBINE","002",""
"729003","729","LANDAU","003",""
"730001","730","SIEGE AUTO","001",""
"730002","730","REHAUSSEURS","002",""
"730003","730","LIT AUTO","003",""
"730004","730","ACCESSOIRES","004",""
"601025","601","CARACO CHEMISE BRETELLE","025",""
"601030","601","GILET ATHLETIQUE","030",""
"601033","601","TRICOT CORPS","033",""
"601037","601","BODY","037",""
"601040","601","BRASSIERE","040",""
"601049","601","SLIP","049",""
"601055","601","CULOTTE","055",""
"601063","601","CALECON","063",""
"601066","601","ENSEMBLE 2 OU 4 PIECES","066",""
"603004","603","SOUTIEN GORGE SOUPLE","004",""
"603007","603","SOUTIEN GORGE ARMATURE","007",""
"603013","603","ENSEMBLE SLIP SOUTIEN GOR","013",""
"603020","603","JUPON","020",""
"603025","603","CARACO CHEMISE BRETELLE","025",""
"603033","603","TRICOT CORPS","033",""
"603037","603","BODY","037",""
"603040","603","BRASSIERE","040",""
"603043","603","STRING","043",""
"603046","603","SLIP MINI","046",""
"603049","603","SLIP","049",""
"603055","603","CULOTTE","055",""
"603063","603","CALECON","063",""
"603066","603","ENSEMBLE 2 OU 4 PIECES","066",""
"604030","604","GILET ATHLETIQUE","030",""
"604033","604","TRICOT CORPS","033",""
"604043","604","STRING","043",""
"604046","604","SLIP MINI","046",""
"604049","604","SLIP","049",""
"604063","604","CALECON","063",""
"604066","604","ENSEMBLE 2 OU 4 PIECES","066",""
"606001","606","SOUTIEN GORGE MOULE","001",""
"606004","606","SOUTIEN GORGE SOUPLE","004",""
"606007","606","SOUTIEN GORGE ARMATURES","007",""
"606010","606","BUSTIER","010",""
"606013","606","ENSEMBLE SLIP SOUTIEN GOR","013",""
"606016","606","GUEPIERE PORTE JARRETELLE","016",""
"606020","606","JUPON","020",""
"606023","606","COMBINAI.COMBINETTE FD RO","023",""
"606025","606","CARACO CHEMISE BRETELLE","025",""
"606033","606","TRICOT CORPS","033",""
"606037","606","BODY","037",""
"606043","606","STRING","043",""
"606046","606","SLIP MINI","046",""
"606049","606","SLIP","049",""
"606055","606","CULOTTE CLASSIQUE","055",""
"606058","606","CULOTTE GAINETTE","058",""
"606061","606","GAINE","061",""
"606063","606","CALECON","063",""
"606066","606","ENSEMBLE 2 OU 4 PIECES","066",""
"607001","607","MAILLOT 1 PIECE","001",""
"607002","607","MAILLOT 2 PIECES","002",""
"608030","608","GILET ATHLETIQUE","030",""
"608033","608","TRICOT CORPS","033",""
"608043","608","STRING","043",""
"608046","608","SLIP MINI","046",""
"608049","608","SLIP TAILLE BASSE","049",""
"608052","608","SLIP OUVERT","052",""
"608063","608","CALECON","063",""
"608066","608","ENSEMBLE 2 OU 4 PIECES","066",""
"621200","621","CHAUSSETTE MONTANTES","200",""
"621202","621","MI CHAUSSETTE VILLE","202",""
"621203","621","MI CHAUSSETTE SPORT","203",""
"621206","621","SOCQUETTE","206",""
"625200","625","CHAUSSETTES MONTANTES","200",""
"625201","625","MI CHAUSSETTE INTARSIA","201",""
"625202","625","MI CHAUSSETTE VILLE","202",""
"625203","625","MI CHAUSSETTE SPORT","203",""
"625206","625","SOCQUETTE","206",""
"626200","626","CHAUSSETTES MONTANTES","200",""
"626201","626","MI CHAUSSETTE INTARSIA","201",""
"626202","626","MI CHAUSSETTE VILLE","202",""
"626203","626","MI CHAUSSETTE SPORT","203",""
"626204","626","MI BAS OPAQUE","204",""
"626205","626","MI BAS FIN","205",""
"626206","626","SOCQUETTE","206",""
"628200","628","CHAUSSANTES MONTANTES","200",""
"628201","628","MI CHAUSSETTE INTARSIA","201",""
"628202","628","MI CHAUSSETTE VILLE","202",""
"628203","628","MI CHAUSSETTE SPORT","203",""
"763001","763","CHAUSSURES BASSES FILLE","001",""
"763002","763","CHAUSSURES BASSES GARCON","002",""
"763003","763","CHAUSSURES MONTANTES MIXT","003",""
"763004","763","PREMIER PAS","004",""
"763005","763","LOISIR TOILE MIXTE","005",""
"765001","765","CHAUSSURES BASSES","001",""
"765002","765","NU-PIEDS SANDALE","002",""
"765003","765","LOISIR TOILE","003",""
"765004","765","CHAUSSURE MONTANTE","004",""
"767001","767","CHAUSSURE BASSE","001",""
"767002","767","NU-PIEDS SANDALES","002",""
"767003","767","LOISIR TOILE","003",""
"767004","767","CHAUSSURE MONTANTE","004",""
"769001","769","BASSE TALON PLAT>25MM","001",""
"769002","769","BASSE TALON MOYEN 25 A 50","002",""
"769003","769","BASSE TALON HAUT > 50MM","003",""
"769004","769","NU-PIEDS SANDALE","004",""
"769005","769","LOISIR TOILE","005",""
"769006","769","CHAUSSURE MONTANTE","006",""
"771001","771","CHAUSSURES BASSES","001",""
"771002","771","NU-PIEDS SANDALE","002",""
"771003","771","CHAUSSURE MONTANTE","003",""
"771004","771","LOISIR TOILE","004",""
"772001","772","ENFANT","001",""
"772002","772","FEMME","002",""
"772003","772","HOMME","003",""
"773021","773","thong nu pied","021",""
"773022","773","espadrilles","022",""
"773025","773","SANDALES PLAGE","025",""
"773026","773","SABOT SOCQUE","026",""
"775008","775","TENNIS","008",""
"775009","775","TRAINING","009",""
"775010","775","BASKET","010",""
"775011","775","RYTHMIQUE","011",""
"776008","776","TENNIS","008",""
"776009","776","TRAINING","009",""
"776010","776","BASKET","010",""
"776011","776","AUTRE SPORT","011",""
"776012","776","RYTHMIQUE","012",""
"777008","777","TENNIS","008",""
"777009","777","TRAINING","009",""
"777010","777","BASKET","010",""
"777011","777","AUTRE SPORT","011",""
"777012","777","RYTHMIQUE","012",""
"778008","778","TENNIS","008",""
"778009","778","TRAINING","009",""
"778010","778","BASKET","010",""
"778011","778","AUTRE SPORT","011",""
"778012","778","SPORT MARQUE","012",""
"780007","780","SANS GENE","007",""
"780012","780","CHARENTAISE","012",""
"780016","780","BOTILLON","016",""
"780020","780","PANTALON MONTANTE","020",""
"782007","782","SANS GENE","007",""
"782016","782","MULE FILLE","016",""
"782017","782","MULE GARCON","017",""
"782018","782","BALLERINE INTERIEURE","018",""
"782019","782","CHARENTAISE","019",""
"782020","782","BOTILLON","020",""
"782021","782","PANTOUFLE MONTANTE","021",""
"784016","784","MULE PLATE","016",""
"784017","784","MULE TALON","017",""
"784018","784","BALLERINE INTERIEURE","018",""
"784019","784","CHARENTAISE","019",""
"784020","784","PANTOUFLE MONTANTE","020",""
"786016","786","MULE","016",""
"786018","786","CHARENTAISE","018",""
"789001","789","BOTTE PLUIE BEBE","001",""
"789002","789","BOTTE PLUIE ENFANT","002",""
"789003","789","BOTTE PLUIE FEMME","003",""
"789004","789","BOTTE PLUIE TRAVAIL HOMME","004",""
"790027","790","SEMELLES","027",""
"790029","790","LACETS","029",""
"790030","790","DIVERS","030",""
"741001","741","CHAPEAUX BOBS","001",""
"741002","741","CASQUETTES BERETS","002",""
"741003","741","BONNETS","003",""
"742001","742","CEINTURE CUIR","001",""
"742002","742","CEINTURE SYNTHETIQUE","002",""
"742003","742","CEINTURE AUTRES MATIERES","003",""
"742004","742","BRETELLES","004",""
"743001","743","GANT TRICOT","001",""
"743002","743","GANT AUTRES MATIERES","002",""
"743003","743","ECHARPE","003",""
"743004","743","ENSEMBLE","004",""
"744001","744","CRAVATE","001",""
"744002","744","NOEUD PAPILLON","002",""
"744003","744","POCHETTE","003",""
"744004","744","ENSEMBLE","004",""
"745001","745","FOULARD","001",""
"745002","745","CHALE","002",""
"746001","746","PETITE MAROQUINERIE","001",""
"746002","746","SACOCHE HOMME","002",""
"746003","746","SAC FEMME","003",""
"746004","746","SAC ENFANT","004",""
"747001","747","PLIANT","001",""
"747002","747","LONG","002",""
"747003","747","BANDOULIERE","003",""
"748001","748","BIJOUX FANTAISIES","001",""
"190001","190","FLEURS A TIGE","001",""
"190002","190","BOUQUETS UNIFLEUR","002",""
"190003","190","BOUQUETS COMPOSES","003",""
"190004","190","COMPOSITIONS FLEURS COUPE","004",""
"346001","346","PLANTES VERTES","001",""
"346002","346","FLEURIES","002",""
"346003","346","SUSPENSIONS","003",""
"346004","346","COMPOSITIONS FLORALES","004",""
"346005","346","BONZAIS","005",""
"346006","346","CACTEES","006",""
"346007","346","SAPIN NOEL ET DECOR","007",""
"346008","346","COMPOSITIONS FLEURS COUPE","008",""
"346009","346","FUNERAIRES","009",""
"100001","100","EPAULE","001",""
"100002","100","JAMBON CUIT","002",""
"100003","100","JAMBON CHOIX","003",""
"100004","100","JAMBONNEAUX CUITS","004",""
"100005","100","JAMBONS ET SALAISONS SECS","005",""
"100006","100","SAUCISSONS SECS","006",""
"100007","100","SAUCISSONS SECS PIMENTES","007",""
"100008","100","SALAISON CRUE","008",""
"100009","100","SALAISON CUITE","009",""
"100010","100","FUMEE CRUE","010",""
"100011","100","FUMEE CUITE","011",""
"100012","100","SAUCISSERIE FUMEE","012",""
"100013","100","SAUCISSES CUITES","013",""
"100014","100","ANDOUILLETTES","014",""
"100015","100","ANDOUILLES","015",""
"100016","100","CHOUCROUTE","016",""
"100017","100","SAUCISSONS A L'AIL","017",""
"100018","100","MORTADELLES/ROULADES/BALL","018",""
"100019","100","PATES","019",""
"100020","100","RILLETTES","020",""
"100021","100","PATES DE TETE ET LANGUES","021",""
"100024","100","BOUDINS","024",""
"100025","100","SAUCISSERIE FRAICHE","025",""
"101001","101","PRODUITS COCKTAIL","001",""
"101002","101","ENTREES FROIDES","002",""
"101003","101","SALADES ET CRUDITES","003",""
"101004","101","TARTES ET ASSIMILES","004",""
"101005","101","CHARCUTERIE PATISSIERE","005",""
"101006","101","SNACK","006",""
"101007","101","TRAITEUR DE LA MER","007",""
"101008","101","QUENELLE","008",""
"101009","101","PATES FRAICHES","009",""
"101010","101","PRODUITS ASIATIQUES","010",""
"101011","101","PRODUITS ETRANGERS","011",""
"101012","101","VIANDES FROIDES","012",""
"101013","101","PLATS PREPARES","013",""
"101014","101","FOIES GRAS CUITS MI CUITS","014",""
"101015","101","FOIES GRAS CRUS","015",""
"101016","101","TRUFFES","016",""
"101017","101","CHARCUTERIE FRAIS EMBALLE","017",""
"101018","101","TRAITEUR FRAIS EMBALLE","018",""
"101019","101","FOIE ET GESIERS CUITS RHF","019",""
"105001","105","JAMBON CUIT","001",""
"105002","105","JAMBON SEC","002",""
"105003","105","SAUCISSON SEC","003",""
"105004","105","SALAISON CRUE","004",""
"105005","105","SALAISON CUITE","005",""
"105006","105","PATES RILLETTES","006",""
"105007","105","AUTRES PROD.CHARCUTERIE","007",""
"105008","105","FOIE GRAS","008",""
"106001","106","COKTAIL","001",""
"106002","106","SALADES","002",""
"106003","106","CHARCUTERIE PATISSIERE","003",""
"106004","106","PLATS CUISINES","004",""
"106005","106","VIANDES CUITES","005",""
"106006","106","SANDWICHES","006",""
"106007","106","TRAITEUR SUCRE","007",""
"106008","106","AUTRES TRAITEUR FRAIS/EMB","008",""
"296001","296","EMBALLAGE TRAITEUR","001",""
"110001","110","BRIES CAMEMBERT COULOMIER","001",""
"110002","110","TOMES","002",""
"110003","110","MUNSTER PT LEVEQUE MAROIL","003",""
"110004","110","SAINT PAULIN","004",""
"110005","110","EDAM","005",""
"110006","110","GOUDA","006",""
"110007","110","MIMOLETTE","007",""
"110008","110","HOLLANDE","008",""
"110009","110","PETITES MEULES","009",""
"110010","110","REBLOCHONS","010",""
"110011","110","TOMMES DE SAVOIE","011",""
"110012","110","MORBIER","012",""
"110013","110","CANTAL","013",""
"110014","110","SAINT NECTAIRE","014",""
"110015","110","PYRENNEES VACHE","015",""
"110016","110","PYRENNEES MIXTE","016",""
"110017","110","PYRENNEES PUR BREBIS","017",""
"110018","110","RACLETTES","018",""
"110019","110","EMMENTAL","019",""
"110020","110","BEAUFORT ET ABONDANCE","020",""
"110021","110","COMTE","021",""
"110022","110","FROMAGES SUISSES","022",""
"110023","110","ROQUEFORT","023",""
"110024","110","BLEU DE BRESSE","024",""
"110025","110","BLEU D'AUVERGNE","025",""
"110026","110","AUTRES PATES PERSILLEES","026",""
"110027","110","FROMAGES ITALIENS","027",""
"110028","110","FROMAGES D'EUROPE","028",""
"110029","110","CHEVRES A DECOUPER","029",""
"110030","110","MI CHEVRE A DECOUPER","030",""
"110031","110","SPECIALITES NUES PIECE","031",""
"110032","110","FONDUES","032",""
"110033","110","FRAIS DECOUPE","033",""
"111001","111","FROMAGES FRAIS","001",""
"111002","111","CREME FRAICHE","002",""
"111003","111","BEURRE","003",""
"111004","111","OEUFS","004",""
"111005","111","AUTRES","005",""
"111006","111","PLATEAUX DE FROMAGES","006",""
"112001","112","PATES MOLLES","001",""
"112002","112","HOLLANDES ET PTES MEULES","002",""
"112003","112","PATE PRESSEE NON CUITE","003",""
"112004","112","RACLETTES","004",""
"112005","112","EMMENTAL ET ASSIMILES","005",""
"112006","112","ROQUEFORT","006",""
"112007","112","BLEU ET ASSIMILES","007",""
"112008","112","PIECES (CHEVRES BREBIS..)","008",""
"112009","112","AUTRES CREMERIES","009",""
"297001","297","EMBALLAGE CREMERIE","001",""
"060001","060","RACE A VIANDE","001",""
"060002","060","VACHE DE REFORME","002",""
"060003","060","JEUNE BOVIN","003",""
"060004","060","UVC PREEMBALLEE S/ATMOSPH","004",""
"060005","060","UVC PREEMBALLEE S/VIDE","005",""
"060006","060","RACE A VIANDE CHR","006",""
"060007","060","VIANDE DE REFORME CHR","007",""
"061001","061","VEAU STANDARD","001",""
"061002","061","VEAU DE MARQUE","002",""
"061003","061","VEAU DE LAIT","003",""
"061004","061","VEAU LABEL","004",""
"061005","061","UVC PREEMBALLEE S/ATMOSPH","005",""
"061006","061","UVC PREEMBALLEE S/VIDE","006",""
"061007","061","STANDARD CHR","007",""
"061008","061","LAIT CHR","008",""
"061009","061","LABEL CHR","009",""
"062001","062","ETRANGER","001",""
"062002","062","FRANCAIS","002",""
"062003","062","LABEL","003",""
"062004","062","ETRANGER CHR","004",""
"062005","062","FRANCAIS CHR","005",""
"062006","062","LABEL CHR","006",""
"063001","063","FRANCAIS","001",""
"063002","063","CHR","002",""
"064001","064","STANDARD","001",""
"064002","064","LABEL","002",""
"064003","064","STANDARD CHR","003",""
"064004","064","LABEL CHR","004",""
"065001","065","CHEVAL","001",""
"065002","065","UVC PREEMBALLEE SOUS VIDE","002",""
"066001","066","BOEUF","001",""
"066002","066","ASSAISONNE","002",""
"066003","066","PROTEINE","003",""
"066004","066","AUTRES VIANDES","004",""
"067001","067","SAUCISSERIE","001",""
"067002","067","PDTS ELABORES A GRILLER","002",""
"067003","067","PANES","003",""
"067004","067","ROTIS","004",""
"067005","067","CHAIR","005",""
"067006","067","PAUPIETTE","006",""
"067007","067","BOUDIN","007",""
"067008","067","PRODUITS DE PORC SALE","008",""
"067010","067","SAUCES","010",""
"067011","067","ABATS CUITS","011",""
"067012","067","AUTRES","012",""
"068001","068","BOEUF","001",""
"068002","068","PORC","002",""
"068003","068","VEAU","003",""
"068004","068","AGNEAU","004",""
"068005","068","AUTRES","005",""
"069001","069","BISON","001",""
"069002","069","CHEVREAU","002",""
"069003","069","AUTRES","003",""
"070001","070","POUR CHIEN","001",""
"070002","070","POUR CHAT","002",""
"070003","070","MIXTE","003",""
"071001","071","DECOUPE DINDE","001",""
"071002","071","DECOUPE POULET","002",""
"071003","071","DECOUPE AUTRUCHE","003",""
"071004","071","AUTRES DECOUPES","004",""
"291001","291","EMBALLAGE BOUCHERIE","001",""
"151001","151","THON","001",""
"151002","151","MARLIN","002",""
"151003","151","DORADE","003",""
"151004","151","THAZARD","004",""
"151005","151","REQUIN","005",""
"151006","151","VIVANNEAU","006",""
"151007","151","MEROU","007",""
"151008","151","ACOUPA","008",""
"151009","151","POISSON DE ROCHE","009",""
"151010","151","COLAS","010",""
"152001","152","POISSONS ENTIERS","001",""
"152002","152","POISSONS EN TRANCHES","002",""
"152003","152","FILETS DE POISSONS","003",""
"153001","153","POISSONS FUMES","001",""
"153002","153","POISSONS SALES","002",""
"154001","154","MOULES","001",""
"154002","154","HUITRES","002",""
"154003","154","COQUILLE ST JACQUES","003",""
"154004","154","BIVALVE FRAIS","004",""
"154005","154","GASTEROPODES","005",""
"154006","154","OURSIN","006",""
"154007","154","NOIX FRAICHES","007",""
"154008","154","COQUILLAGES CUITS","008",""
"155001","155","CRUSTACES FRAIS","001",""
"155002","155","CRUSTACE CONGELE","002",""
"155003","155","CRUSTACE CUIT","003",""
"156001","156","BROCHETTE POISSON","001",""
"156002","156","ROTI DE POISSON","002",""
"156003","156","SPECIALITES","003",""
"157001","157","POISSON P.A.C","001",""
"157002","157","POISSON COUPE","002",""
"157003","157","FILETS","003",""
"157004","157","CRUSTACES","004",""
"157005","157","COQUILLAGES","005",""
"157006","157","PRODUITS ELABORES","006",""
"157007","157","TRAITEUR","007",""
"157008","157","PLATEAUX FRUITS DE MER","008",""
"157009","157","SAURISSERIE","009",""
"157010","157","MAREE S/ATM.PROTECT.","010",""
"158001","158","SAUMON","001",""
"158002","158","POISSON ENTIER","002",""
"158003","158","FILET DE POISSON","003",""
"293001","293","EMBALLAGE POISSONERIE","001",""
"161001","161","PAIN BLANC","001",""
"161002","161","RUSTIQUE / LEVAIN","002",""
"161003","161","PAIN CAMPAGNE","003",""
"161004","161","PAIN BIOLOGIQUE","004",""
"161005","161","PAIN SPECIAUX","005",""
"161006","161","PAIN VIENNOIS","006",""
"161007","161","PAIN DE MIE","007",""
"161008","161","PAIN REGIONAUX","008",""
"161009","161","PAIN DU MONDE","009",""
"162001","162","CROISSANTS","001",""
"162002","162","PAIN AU CHOCOLAT","002",""
"162003","162","MINI VIENNOISERIE","003",""
"162004","162","BRIOCHERIE","004",""
"162005","162","AUTRES VIENNOISERIE","005",""
"162006","162","VIENNOISERIES MIXTES","006",""
"169001","169","FARINE","001",""
"169002","169","BOF","002",""
"169003","169","AUTRES","003",""
"294001","294","EMBALLAGE BOULANGERIE","001",""
"163001","163","INDIVIDUELLE","001",""
"163002","163","TARTES A PARTAGER","002",""
"163003","163","TARTES FAITES MAISON","003",""
"163004","163","PATISSERIES A PARTAGER","004",""
"163005","163","AIDES A LA PATISSERIE","005",""
"165001","165","PETITS FOURS","001",""
"165002","165","PATES SABLEES","002",""
"165003","165","MERINGUES","003",""
"165004","165","PATES FEUILLETEES","004",""
"165005","165","PATES JAUNES","005",""
"165006","165","AUTRES PATISSERIE SECHE","006",""
"165007","165","PATISSERIE SECHE DU MONDE","007",""
"166001","166","GALETTE ROIS","001",""
"167001","167","CHOCOLATS FRAIS","001",""
"168001","168","GLACES","001",""
"170001","170","MATIERES PREMIERES PATISS","001",""
"295001","295","EMBALLAGE PATISSERIE","001",""
"181001","181","POMMES","001",""
"181002","181","POIRES","002",""
"181003","181","PECHES","003",""
"181004","181","ABRICOTS","004",""
"181005","181","NECTARINES","005",""
"181006","181","PRUNES","006",""
"181007","181","CERISES","007",""
"181008","181","FRAISES","008",""
"181009","181","RAISINS","009",""
"181010","181","PETITS FRUITS","010",""
"181011","181","ORANGES","011",""
"181012","181","CLEMENTINES","012",""
"181013","181","POMELOS","013",""
"181014","181","CITRONS","014",""
"181015","181","KIWIS","015",""
"181016","181","BANANES","016",""
"181017","181","ANANAS","017",""
"181018","181","MANGUES","018",""
"181019","181","LITCHIES","019",""
"181020","181","FRUITS EXOTIQUES","020",""
"181021","181","AVOCATS","021",""
"181022","181","MELONS","022",""
"181023","181","PASTEQUES","023",""
"181024","181","FRUITS FRAIS COQUES","024",""
"181025","181","MARRONS","025",""
"181026","181","PREEMBALLE","026",""
"181027","181","FRUITS BIOLOGIQUES","027",""
"182001","182","PRUNEAUX","001",""
"182002","182","ABRICOTS","002",""
"182003","182","RAISINS","003",""
"182004","182","FIGUES","004",""
"182005","182","DATTES","005",""
"182006","182","AUTRES FRUITS SECS","006",""
"182007","182","MELANGE FRUITS SECS","007",""
"182008","182","AMANDES","008",""
"182009","182","NOISETTES","009",""
"182010","182","PISTACHES","010",""
"182011","182","ARACHIDES","011",""
"182012","182","MELANGES EXOTIQUE","012",""
"182013","182","CORBEILLES FIN D'ANNEE","013",""
"182014","182","FRUITS CONFITS","014",""
"182015","182","PATE DE FRUITS","015",""
"182016","182","POP CORN","016",""
"182017","182","OLIVES ET CONDIMENTS","017",""
"183001","183","SALADES","001",""
"183002","183","ENDIVES","002",""
"183003","183","CELERIS","003",""
"183004","183","CONCOMBRES","004",""
"183005","183","CORNICHONS","005",""
"183006","183","TOMATES","006",""
"183007","183","COURGETTES","007",""
"183008","183","AUBERGINES","008",""
"183009","183","POIVRONS","009",""
"183010","183","PIMENTS","010",""
"183011","183","FENOUIL","011",""
"183012","183","HARICOTS","012",""
"183013","183","CHOUX","013",""
"183014","183","CHOUX FLEURS","014",""
"183015","183","CHOUX DE BRUXELLES","015",""
"183016","183","ARTICHAUTS","016",""
"183017","183","AUTRES LEGUMES","017",""
"183018","183","ASPERGES","018",""
"183019","183","BETTERAVES","019",""
"183020","183","RADIS","020",""
"183021","183","POMME DE TERRE NOUVELLES","021",""
"183022","183","POMME DE TERRE CONSERVATI","022",""
"183023","183","CAROTTES","023",""
"183024","183","NAVETS","024",""
"183025","183","POIREAUX","025",""
"183026","183","LEGUMES MELANGES","026",""
"183027","183","AIL","027",""
"183028","183","OIGNONS","028",""
"183029","183","ECHALOTTES","029",""
"183030","183","CHAMPIGNONS DE PARIS","030",""
"183031","183","CHAMPIGNONS SYLVESTRES","031",""
"183032","183","PERSIL","032",""
"183033","183","AROMATES","033",""
"183034","183","FINES HERBES FRAICHES","034",""
"183035","183","LEGUMES EXOTIQUE","035",""
"183036","183","LEGUMES BIOLOGIQUES","036",""
"183037","183","MINI LEGUMES","037",""
"183038","183","LEGUMES PREEMBALLES","038",""
"184001","184","LENTILLES","001",""
"184002","184","HARICOTS","002",""
"184003","184","AUTRES","003",""
"185001","185","SALADES","001",""
"185002","185","SALADES BOUQUETS","002",""
"185003","185","SALADES CHICOREES","003",""
"185004","185","CRUDITES","004",""
"185005","185","LEGUMES A CUIRE","005",""
"185006","185","OLIVE AROMATES CONDIMENTS","006",""
"185007","185","SAUCES FRAICHES ACCOMPAGN","007",""
"185008","185","PUREE","008",""
"185009","185","SOUPES","009",""
"185010","185","LEGUMES CUITS","010",""
"185011","185","SALADES DE FRUITS","011",""
"185012","185","JUS DE FRUITS FRAIS","012",""
"186001","186","FRUITS","001",""
"186002","186","LEGUMES","002",""
"292001","292","EMBALLAGES FRUITS LEGUMES","001",""
"131001","131","AGRILLER","001",""
"131002","131","A ROTIR","002",""
"131003","131","A BRAISER","003",""
"131004","131","ABOUILLIR","004",""
"131005","131","A HACHER","005",""
"132001","132","ESCALOPE","001",""
"132002","132","COTE","002",""
"132003","132","A ROTIR","003",""
"132004","132","AUTRES","004",""
"133001","133","GIGOT","001",""
"133002","133","EPAULE","002",""
"133003","133","COTE","003",""
"133004","133","AUTRES","004",""
"134001","134","GIGOT","001",""
"134002","134","EPAULE","002",""
"134003","134","COTE","003",""
"134004","134","AUTRES","004",""
"135001","135","COTE","001",""
"135002","135","ROTI SANS OS","002",""
"135003","135","AUTRES","003",""
"136001","136","POULET","001",""
"136002","136","DINDE","002",""
"136003","136","LAPIN","003",""
"136004","136","ABATS","004",""
"136005","136","CANETTE","005",""
"136006","136","PINTADE","006",""
"136007","136","AUTRES","007",""
"137001","137","GIBIER","001",""
"137002","137","BISON","002",""
"137003","137","CHEVREAU","003",""
"137004","137","AUTRES","004",""
"139001","139","SAUCISSERIE","001",""
"139002","139","BROCHETTES","002",""
"139003","139","PANE","003",""
"139004","139","CHAIR","004",""
"139005","139","PAUPIETTE","005",""
"139006","139","ABATS CUITS","006",""
"139007","139","AUTRES","007",""
"140001","140","BOEUF","001",""
"140002","140","PORC","002",""
"140003","140","VEAU","003",""
"140004","140","AGNEAU","004",""
"140005","140","VOLAILLE","005",""
"140006","140","AUTRES","006",""
"141001","141","VIANDE POUR ANIMAUX","001",""
"102001","102","PIZZA RONDE","001",""
"102002","102","PIZZA PART","002",""
"102003","102","AUTRES PRODUITS PIZZA","003",""
"103001","103","VOLAILLES ROTIES","001",""
"103002","103","AUTRES PRODUITS ROTIS","002",""
"104001","104","SANDWICH BAGUETTE","001",""
"104002","104","SANDWICH FOCACCIA","002",""
"104003","104","SANDWICH PANINI","003",""
"104004","104","SANDWICH CIABATTA","004",""
"108001","108","LES ENTREES FRAICHEURS","001",""
"108002","108","LES SNACKS","002",""
"108003","108","LES PLATS TRAITEURS","003",""
"108004","108","LES DESSERTS","004",""
"108005","108","LES BOISSONS","005",""
"108006","108","LES PAINS","006",""
"108007","108","LES MENUS","007",""
"289001","289","EMBALLAGE PIZZA/ROTISSERI","001",""
"299001","299","MATIERES PREMIERES","001",""
"299002","299","PAPIER CADEAU","002",""
"299003","299","HYGIENE","003",""
"299004","299","ECONOMAT","004",""
"299005","299","PINCES A ETIQUETER ETIQUETTES","005",""
"299006","299","AUTRES","006",""
"590001","590","- 30 JOURS","001",""
"590002","590","+ 30 JOURS","002",""
"591001","591","ENTIER","001",""
"591002","591","TRANCHE","002",""
"800001","800","CAFETIERE","001",""
"800002","800","BOUILLOIRE","002",""
"800003","800","GRILLE PAIN","003",""
"801001","801","PREPARA.CULINAIRE","001",""
"801003","801","CUISSON","003",""
"803001","803","FER","001",""
"803002","803","MINI LAVAGE","002",""
"803003","803","MACHINE A COUDRE","003",""
"803004","803","CENTRALE VAPEUR","004",""
"804001","804","BEAUTE","001",""
"804002","804","DENTAIRE","002",""
"804004","804","SOIN DU CORPS","004",""
"805001","805","FEMME","001",""
"805002","805","HOMME","002",""
"806001","806","ASPIRATEURS","001",""
"806002","806","CUVE","002",""
"806003","806","NETTOYAGE","003",""
"807001","807","CHAUFFAGE ELECTRIQUE","001",""
"807002","807","CHAUFFAGE GAZ","002",""
"807003","807","CHAUFFAGE DIVERS","003",""
"807004","807","TRAITEMENT DE L'AIR","004",""
"807005","807","TRAITEMENT DE L'EAU","005",""
"807006","807","DISTRIBUTEUR D'EAU","006",""
"808001","808","ENTRETIENS DES SOLS","001",""
"808002","808","FILTRES A CAFE","002",""
"808003","808","ASPIRATION","003",""
"808004","808","DIVERS","004",""
"809001","809","LAVE LINGE","001",""
"809002","809","SECHE LINGE","002",""
"810001","810","LAVE VAISSELLE","001",""
"811001","811","1 PORTE","001",""
"811002","811","2 PORTES","002",""
"811003","811","3 PORTES","003",""
"811004","811","COMBINE 1 MOTEUR","004",""
"811005","811","COMBINE 2 MOTEURS","005",""
"811006","811","INTEGRABLE","006",""
"811007","811","CAVE A VIN","007",""
"812001","812","ARMOIRE SIMPLE ISOLATION","001",""
"812002","812","ARMOIRE SUPER ISOLATION","002",""
"812003","812","ARMOIRE INTEGRABLE","003",""
"812004","812","COFFRE SIMPLE ISOLATION","004",""
"812005","812","COFFRE SUPER ISOLATION","005",""
"813001","813","GAZ","001",""
"813002","813","GAZ EMAIL","002",""
"813003","813","GAZ CATALYSE","003",""
"813004","813","MIXTE EMAIL","004",""
"813005","813","MIXTE CATALYSE","005",""
"813006","813","MIXTE PYROLYSE","006",""
"813007","813","ELECTRIQUE EMAIL","007",""
"813008","813","ELECTRIQUE CATALYSE","008",""
"813009","813","ELECTRIQUE PYROLYSE","009",""
"813010","813","CHARBON BOIS","010",""
"814001","814","FOUR EMAIL NORMAL","001",""
"814002","814","FOUR CATALYSE","002",""
"814003","814","FOUR PYROLYSE","003",""
"814004","814","PLAQUE","004",""
"814005","814","HOTTE 1 MOTEUR","005",""
"814006","814","HOTTE 2 MOTEURS","006",""
"815001","815","MATERIEL DE CUISINE","001",""
"815002","815","MATERIEL DE PREPARATION","002",""
"815003","815","MATERIEL COMPTOIR/SNACK","003",""
"815004","815","FOUR ET MICRO ONDES","004",""
"815005","815","FROID","005",""
"815006","815","VENTILATION DESINSECTISEU","006",""
"815007","815","AIR CONDITIONNE","007",""
"815008","815","CHAUFFE EAU","008",""
"815009","815","POMPE A EAU","009",""
"816001","816","STANDARD MONO FONCTION","001",""
"816002","816","AVEC GRILL","002",""
"816003","816","COMBINE MULTIFONCTION","003",""
"817001","817","FILTRES DE HOTTES","001",""
"817002","817","DIVERS","002",""
"817693","817","TRES DE HOTTES","693",""
"818001","818","POSTERS","001",""
"819001","819","CADRES","001",""
"820001","820","COMPACTS","001",""
"820003","820","INSTANTANES","003",""
"820004","820","REFLEX","004",""
"820005","820","KIT REFLEX","005",""
"820006","820","COMPACT APS","006",""
"821001","821","NEGATIFS COULEURS","001",""
"821002","821","135 DIAPO inversible","002",""
"821003","821","135 NOIR ET BLANC","003",""
"821004","821","DISC","004",""
"821005","821","lib 126","005",""
"821006","821","INSTANTANES","006",""
"821007","821","APPAREILS JETABLES","007",""
"821008","821","FLASH","008",""
"821009","821","lib 110","009",""
"821010","821","APS","010",""
"822001","822","TIRAGES","001",""
"822002","822","DEVELOPPEMENTS","002",""
"823001","823","PROJECTION","001",""
"823002","823","VISIONNEUSES","002",""
"823003","823","JUMELLES","003",""
"823004","823","LONGUES VUE","004",""
"824001","824","OPTIQUES","001",""
"824002","824","FLASHES","002",""
"824003","824","SACS","003",""
"824004","824","PIEDS","004",""
"824005","824","DIVERS","005",""
"825001","825","ALBUMS PHOTO","001",""
"826001","826","SOUS VERRE","001",""
"827001","827","ARMES","001",""
"827002","827","MUNITIONS","002",""
"827003","827","AUTO DEFENSE","003",""
"827004","827","ACCESSOIRES DE CHASSE","004",""
"828001","828","PILES BATONS","001",""
"828002","828","PILES BOUTONS","002",""
"830001","830","MONOBLOCS","001",""
"830002","830","BIBLOCS","002",""
"830004","830","SANS FIL","004",""
"830005","830","REPONDEURS","005",""
"830006","830","ACCESSOIRES TELEPHONIE","006",""
"830007","830","RADIO TELEPHONES","007",""
"830009","830","FAX","009",""
"830010","830","INTERPHONES","010",""
"830011","830","MONNAYEUR","011",""
"830012","830","CARTE TELEPHONIQUE","012",""
"831001","831","NETTOYAGE","001",""
"831002","831","RUBANS","002",""
"831003","831","CARTOUCHES","003",""
"831004","831","CASSETTES","004",""
"835001","835","4 OPERATIONS","001",""
"835002","835","SCIENTIFIQUES","002",""
"835007","835","ORGANISEURS","007",""
"835008","835","GRAPHIQUES","008",""
"836001","836","MACHINE A ECRIRE","001",""
"836002","836","ACCESOIRES ECRITURES","002",""
"836003","836","COPIEUR","003",""
"836005","836","DICTAPHONES","005",""
"989001","989","ABONNEMENT","001",""
"840001","840","SERIE ECONOMIQUE","001",""
"840002","840","FULL PRICE","002",""
"840003","840","COFFRETS","003",""
"841001","841","jazz","001",""
"841002","841","ambiance folklore","002",""
"841003","841","ENFANT","003",""
"841004","841","COMIQUES","004",""
"841005","841","B.O.F","005",""
"841006","841","COMPILS","006",""
"842001","842","V.I","001",""
"842002","842","V.F","002",""
"842003","842","V.INDONESIENNES","003",""
"842004","842","ASIATIQUES","004",""
"843001","843","CLASSIQUE","001",""
"843002","843","JAZZ","002",""
"843003","843","AMBIANCE / FOLKLORE","003",""
"843004","843","ENFANT","004",""
"843005","843","COMIQUES","005",""
"843006","843","B.O.F","006",""
"843007","843","COMPILS","007",""
"843008","843","V.I","008",""
"843009","843","V.F","009",""
"843010","843","V.INDONESIENNES","010",""
"843011","843","V.ASIATIQUE","011",""
"844001","844","CLASSIQUE","001",""
"844002","844","JAZZ","002",""
"844003","844","AMBIANCE  FOLKLORE","003",""
"844004","844","ENFANT","004",""
"844005","844","COMIQUES","005",""
"844006","844","B.O.F","006",""
"844007","844","COMPILS","007",""
"844008","844","V.I","008",""
"844009","844","V.F","009",""
"845001","845","VARIETE FRANCAISE","001",""
"845002","845","VARIETE INTERNATIONALE","002",""
"845003","845","COMPILATION JEUNESSE","003",""
"845004","845","JAZZ CLASSIQUE","004",""
"845005","845","TOP NEWS","005",""
"845006","845","IMPORT","006",""
"848001","848","RANGEMENT K7 AUDIO","001",""
"848002","848","RANGEMENT VIDEO","002",""
"848003","848","COLONNES DE RANGEMENT","003",""
"860001","860","FILMS","001",""
"860002","860","DESSINS ANIMES","002",""
"860003","860","SERIE TV","003",""
"860004","860","SPECTACLE","004",""
"860005","860","DOCUMENTS / GUIDES","005",""
"861001","861","FILMS","001",""
"861002","861","DESSINS ANIMES","002",""
"861003","861","SERIES TELE","003",""
"861004","861","SPECTACLES","004",""
"861005","861","DOCUMENTS /GUIDES","005",""
"861006","861","DVD INTERACTIFS","006",""
"862001","862","LASERDISC FILM","001",""
"862002","862","LASERDISC SPECTACLE","002",""
"862003","862","LASERDISC INTERACTIFS","003",""
"870001","870","NOIR ETE BLANC","001",""
"870002","870","36CM","002",""
"870003","870","COMBI","003",""
"870005","870","51 CM","005",""
"870006","870","55 CM","006",""
"870007","870","63 CM","007",""
"870008","870","70 CM","008",""
"870009","870","85 CM ET PLUS","009",""
"870010","870","16/9EME","010",""
"870011","870","95 CM","011",""
"870012","870","RETROPROJECTEUR","012",""
"870013","870","ECRAN PLASMA","013",""
"871001","871","KIT SATELITE","001",""
"871002","871","ANTENNES SATELITES","002",""
"871003","871","ACCESSO.ANTENNES SATELITE","003",""
"872001","872","2 TETES","001",""
"872002","872","4 TETES","002",""
"873001","873","ANTENNES","001",""
"873002","873","CONNECTIQUE","002",""
"873003","873","ACCESSOIRES CAMESCOPES","003",""
"873004","873","NETTOYAGE","004",""
"873005","873","AUTRES","005",""
"873006","873","TELECOMMANDE","006",""
"874001","874","VHS /FS","001",""
"874002","874","SVHS","002",""
"874003","874","8 MM","003",""
"874004","874","HI 8 MM","004",""
"874005","874","VHS_C","005",""
"874006","874","NUMERIQUE","006",""
"876001","876","LASER DISC VIDEO","001",""
"876002","876","DVD","002",""
"877001","877","CANAL +","001",""
"877002","877","CABLE","002",""
"877003","877","INDOVISION","003",""
"878001","878","ABONNEMENT","001",""
"879001","879","TPS","001",""
"880001","880","MAGNETOPHONE","001",""
"880003","880","RADIO REVEIL","003",""
"880004","880","TRANSISTOR","004",""
"881001","881","RADIO","001",""
"881002","881","ACCESSOIRES","002",""
"881003","881","K7 ANALOGIQUE","003",""
"881004","881","K7 DIGITAL","004",""
"881005","881","LASER","005",""
"881006","881","RDS","006",""
"881007","881","KIT","007",""
"881008","881","AUTORADIO DCC/MD","008",""
"881010","881","ALARMES","010",""
"881011","881","H.P","011",""
"882001","882","BALADEUR MINI DISC","001",""
"882002","882","LECTEUR K7","002",""
"882003","882","LECTEUR K7 RADIO","003",""
"882004","882","BALADEUR LASER","004",""
"883001","883","RADIO K7 SIMPLE","001",""
"883002","883","RADIO BI K7","002",""
"883003","883","RADIO K7 CD/SIMPLE","003",""
"883004","883","RADIO BI K7 / CD","004",""
"884001","884","MICRO","001",""
"884002","884","MINI","002",""
"884003","884","MIDI","003",""
"885001","885","MINI","001",""
"885002","885","36 CM","002",""
"885003","885","42 CM","003",""
"886001","886","PLATINE DISQUE","001",""
"886002","886","AMPLI","002",""
"886003","886","AMPLI TUNNER","003",""
"886004","886","EGALISEUR","004",""
"886005","886","TUNER","005",""
"886006","886","ENCEINTES","006",""
"886007","886","PLATINE MINI DISC","007",""
"886008","886","PLATINE K7","008",""
"886009","886","AMPLI KARAOKE","009",""
"887001","887","CONNECTIQUE","001",""
"887002","887","CASQUES / MICRO","002",""
"887003","887","NETTOYAGE","003",""
"887004","887","JEUX DE LUMIERES","004",""
"887005","887","TABLE DE MIXAGE","005",""
"887006","887","AUTRES","006",""
"887007","887","ENCEINTES BALADEUR","007",""
"940001","940","DESTOKS","001",""
"940002","940","PORTABLES","002",""
"941001","941","IMPRIMANTES","001",""
"941002","941","ACQUISITIONS","002",""
"941003","941","RESTITUTIONS","003",""
"941004","941","EXTENSIONS","004",""
"941005","941","ADD ONS","005",""
"941006","941","STOCKAGE","006",""
"941007","941","IMPRIMANTE PHOTO","007",""
"942001","942","CONNECTIQUE","001",""
"942002","942","RANGEMENTS","002",""
"942003","942","ACCESSOIRES","003",""
"943001","943","PAPIER","001",""
"943002","943","CARTOUCHES","002",""
"943003","943","TONER","003",""
"944001","944","MOBILIER","001",""
"945001","945","DISQUETTES","001",""
"945002","945","CD","002",""
"945003","945","AUTRES","003",""
"946001","946","ABONNEMENTS","001",""
"946002","946","TELECHARGEMENT","002",""
"946003","946","AUTRES","003",""
"832001","832","PORTABLE","001",""
"832002","832","16 BIT","002",""
"832003","832","32 BIT","003",""
"832004","832","64 BIT","004",""
"832005","832","128 BIT","005",""
"837001","837","PORTABLE","001",""
"837002","837","CONSOLE 16 BIT","002",""
"837003","837","CONSOLE 32 BIT","003",""
"837004","837","CONSOLE 64 BIT","004",""
"837005","837","CONSOLE 128 BIT","005",""
"839001","839","BUREAUTIQUE","001",""
"839002","839","EDUCATIF","002",""
"839003","839","UTILITAIRE","003",""
"839004","839","JEUX","004",""
"839005","839","CULTUREL","005",""
"854854","854","tabac meti","854",""
"990001","990","LAVE LINGE","001",""
"990002","990","LAVE VAISSELLE","002",""
"990003","990","SECHE LINGE","003",""
"990004","990","REFRIGERATEUR","004",""
"990005","990","CONGELATEUR","005",""
"990006","990","CUISINIERE","006",""
"990007","990","ENCASTRABLE","007",""
"991001","991","SAV PETIT DEJEUNER","001",""
"991002","991","SAV PREPARATION ALIMENTAI","002",""
"991003","991","SAV MICRO ONDES","003",""
"991004","991","SAV SOIN DU LINGE","004",""
"991005","991","SAV HYGIENE BEAUTE","005",""
"991006","991","SAV RASOIR","006",""
"991007","991","SAV ENTRETIEN DES SOLS","007",""
"991008","991","SAV CHAUFFAGE","008",""
"991009","991","SAV TRAITEMENT DE L'AIR","009",""
"992001","992","TV COULEUR","001",""
"992002","992","TV NOIR ET BLANC","002",""
"992003","992","CAMESCOPES","003",""
"992004","992","MAGNETOSCOPES","004",""
"992005","992","PETIT SON","005",""
"992006","992","HI FI","006",""
"992007","992","PLATINE LASER","007",""
"992008","992","MICRO INFORMATIQUE","008",""
"992009","992","ANTENNES","009",""
"993001","993","BLANC","001",""
"993002","993","BRUN","002",""
"035001","035","CHARCUTERIE AVION","001",""
"030001","030","CREMERIE AVION","001",""
"050001","050","STANDARD","001",""
"050002","050","CERTIFIE","002",""
"050003","050","FERMIER","003",""
"050004","050","COQUELET","004",""
"050005","050","POULE","005",""
"050006","050","COQ","006",""
"050007","050","CHAPON","007",""
"050008","050","DECOUPE","008",""
"051001","051","STANDARDS","001",""
"051002","051","FERMIERE","002",""
"051003","051","DECOUPE","003",""
"052001","052","CANARD","001",""
"052002","052","CANETTE","002",""
"052003","052","DECOUPE","003",""
"052004","052","OIE","004",""
"053001","053","STANDARD","001",""
"053002","053","FERMIERE","002",""
"054001","054","CAILLES","001",""
"054002","054","PIGEON","002",""
"054003","054","GIBIER","003",""
"055001","055","STANDARD","001",""
"055002","055","FERMIER","002",""
"056001","056","ABATS DE POULET","001",""
"056002","056","ABATS DE CANARD","002",""
"056003","056","LAPIN","003",""
"056004","056","AUTRES","004",""
"057001","057","BROCHETTE","001",""
"057002","057","SAUCISSE","002",""
"057003","057","POULET FUME","003",""
"057004","057","POULET ROTI","004",""
"057005","057","ROTIS CUITS","005",""
"057006","057","FARCIS","006",""
"057007","057","MAGRETS FUMES/SECHES","007",""
"057008","057","PAUPIETTES ET FARCE","008",""
"057009","057","CONFIT","009",""
"057010","057","AUTRES","010",""
"058001","058","ALIMENTS POUR ANIMAUX","001",""
"838001","838","PALETTES","001",""
"838002","838","AUTRES ACCESSOIRES","002",""
"995001","995","TRANSPORT MARITIME","001",""
